,Review_short,topics,topic_name,score
0,เป็นคนที่ชอบทาน Macchiato เป็นประจำ มีวันนึงเดินเข้าไปสั่ง ความคิดแรกที่เห็นปริมาณของกาแฟร้อนก็เฟลแล้ว มีอยู่ครึ่งแก้วน้อยๆได้ พอตอนดื่มยิ่งเฟลหนักกว่าเดิม หาความเป็น Macchiato ไม่เจอเลย หลังจากนี้ลาข,12,กาแฟดีเมนูนั่งรสชาติลองสั่งกินราคาชอบ,0.987778306007385
1,"Art of Coffee Kasetsart เป็นร้านกาแฟรสชาติเยี่ยม ราคาไม่แพง บรรยากาศนั่งสบาย 

พนักงานที่ร้านน่ารักมาก อัธยาศัยดี พูดจากับลูกค้าเพราะมาก ทำให้อยากไปอุดหนุนบ่อยๆ ^^

เมนูที่ต้องสั่ง 

-เอ๊กซ์เพรส",12,กาแฟดีเมนูนั่งรสชาติลองสั่งกินราคาชอบ,0.990257859230042
2,กวงทะเลเผา อาหารทะเลเค้าสดจริงๆเนื้อปูหวานไม่คาวเลยเนื้อกุ้งก็ทั้งหอมและมัน น้ำจ้ิมก็อร่อยเจ้มจ้นมีอาหารอร่อยหลากหลายรายการ ออส่วนมาในกระทะร้อนฉ่า เสริ์ฟทีมีแต่คนหันมามองเพราะเสียงดังมากกกกก เรียกความ,3,จานรสชาติอร่อยอาหารทานเมนูสั่งดีบาทปลา,0.457976132631302
3,วันนี้มีโอกาสตื่นเช้าครับเลยถึงโอกาสออกมาหาอะไรอร่อยๆทานตอนเช้าๆครับ สําหรับเช้าๆนั้นจะมีตัวเลือกไม่มากเท่าไรโดยเฉพาะก๋วยจั๊บอร่อยๆเพราะของแบบนี้ต่อให้ใส่ถุงมาจากร้านดังเมื่อคืน เอามาอุ่นตอนเช้าความอร,2,ทานอร่อยกาแฟสั่งดีรสชาติกินรสคนชอบ,0.994714796543121
4,"ชอบมาทานร้านนี้ถ้าอยากกินอาหารเวียดนามใกล้บ้าน อยู่ในซอยราชครูเข้ามานิดเดียวทางซ้ายมือ
ที่จอดรถค่อนข้างน้อยเพราะต้องแชร์กับร้านค้าในเวิ้งเดียวกัน บางครั้งอาจต้องออกไปจอดตามซอยข้างๆ

อาหารที่นี่มีหล",5,ทานอร่อยรสชาติสาขาบาทเมนูสั่งอาหารดีกิน,0.993818461894989
5,เป็นร้านที่สะดุดตาที่สุดบนถนนจรัญ เลยก็ว่าได้ ถ้าวิ่งฝั่งรพ.ยันฮีไปปิ่นเกล้า ก็ให้สังเกตุแบงค์กรุงเทพ ร้านจะอยู่ติดแบงค์กรุงเทพเลย รั้วบ้านสีแดง เด็มไปด้ายต้นไม้ มีสวนร่มรื่น กาแฟอร่อย วันนั้นเห็นอาหา,8,กาแฟอร่อยอาหารชอบดีรสชาติเมนูทานราคาบาท,0.99158126115799
6,"สวัสดีเพื่อนๆสมาชิกนักรีวิวร้านอาหารชาว Wongnai.com ทุกท่านครับ
ไปกินไปเที่ยวถ่ายรูปเก็บความประทับใจมาฝากทุกคนสไตล์ Captain Ton กันอีกแล้วครับ

วันนี้ได้รับคำแนะนำจากคุณด๊ะ (อย่าเรียกว่าเชิญนะเพราะ",2,ทานอร่อยกาแฟสั่งดีรสชาติกินรสคนชอบ,0.991134464740753
7,"Starbucks 
เกี่ยวกับร้าน: 
ร้าน Starbucks นี้อยู่ใน Central เชียงราย อยู่ที่ชั้น 1 บริเวณด้านหน้าของห้าง

การตกแต่งของร้าน:
ตกแต่งร้านแบบ Starbucks ทั่วไปโทนสีครีม น้ำตาล เก้าอีนั่งสบาย ร้านสะอาด",3,จานรสชาติอร่อยอาหารทานเมนูสั่งดีบาทปลา,0.696326076984406
8,"
ร้านเบอเกอรี่ร้านนี้อยู่ในร้านล้างรถชื่อว่า ไชนี่คร่า อยู่ในซอยสุทธิสารทางที่จะทะลุออกไปฝั่งลาดพร้าว64 อยู่ประมาณกลางๆซอย ก่อนถึงสะพานกลางซอย ถ้าขึ้นสะพานไปคือเลยแล้ว ร้านนี้เป็นร้านล้างรถใหญ่โตพอสม",11,กาแฟรสชาติกกทานพญาไทอร่อยนรสิงห์พระราชวังสะพานนุ่ม,0.994340896606445
9,"ร้านส้มตำเจ๊พิมอยู่ถนนเลี่ยงตลาดหนองมน
เป็นร้านเล็กๆสังกะสี แต่คนมาทานเยอะใช้ได้เลย เข้ามาสั่งส้มตำกันตลอด บ่งบอกถึงความอร่อย

ขายส้มตำ ไก่ย่าง ปลาย่าง อาหารอีสานทั่วๆไป

พูดถึงรสชาติอาหาร
ส้มตำ",2,ทานอร่อยกาแฟสั่งดีรสชาติกินรสคนชอบ,0.996195554733276
10,"สถานที่ตั้งร้าน ปากซอยสุขุมวิท 38 บริเวณ ด้านซ้ายมือของซอย มีที่นั่งไม่มากนัก อาจจะต้องนั่งรวมกันกับคนอื่นที่ไม่รู้จักบ้าง

สำหรับรสชาติ ก็โอเค อร่อยใช้ได้ น้ำซุปหอมกำลังดี เสริฟไว ทานง่าย

**ข้อเ",2,ทานอร่อยกาแฟสั่งดีรสชาติกินรสคนชอบ,0.779912650585175
11,โลตัสพัฒนาการมีร้านชีทเค้กน่าหม่ำอยู่ร้านนึงค่ะ ร้านนี้มีสาขาที่ทองหล่อและเมเจอร์เอกมัยด้วยนะคะ ภายในตู้แช่เรียงรายด้วยชีทเค้กเพี้ยบ น่าทานทั้งน้านน เลือกไม่ถูกเลยค่ะ ตอนนี้มีโปรโมชั่นซื้อ 3 แถม 1 ด้ว,0,กินอร่อยราคาบาทนะคะดีเมนูเค้กชอบคน,0.996500194072723
12,ร้านกาแฟและเบเกอรี่โฮมเมดอร่อยๆ กับสไสต์การแต่งร้านแบบวินเทจน่ารักๆ ร้าน  a little cup อยู่ซอยลาดพร้าว 101 อยู่ฝั่งตรงข้ามเยื้องๆกับ Happy avenue ค่ะ เครื่องดื่มจะมีพวก ชา กาแฟ นมเย็น อย่างเมนูที่ชอบจ,0,กินอร่อยราคาบาทนะคะดีเมนูเค้กชอบคน,0.165817201137543
13,"เคยเป็นไหมกันไหมคะ หลังอาหารมื้อใหญ่ ต่อให้อิ่มยังง๊ายยังไงก็ต้องจัดของหวานต่อ ไม่ว่าจะเป็นเค้ก ไอศครีม น้ำหวาน บลาๆๆ ...

จริงๆ ตอนเด็กๆ ก็ไม่เคยเรียนนะคะ ว่ากระเพาะคนเราแยกส่วนของคาว ของหวานได้ เช",0,กินอร่อยราคาบาทนะคะดีเมนูเค้กชอบคน,0.337842166423798
14,"ตอนเย็นๆหน่อยถ้าลงจากรถไฟฟ้าราชเทวีแล้วเดินย้อนมาทางสะพานหัวช้าง ตรงฝั่งโรงแรมเอเชีย เราอาจจะเห็นร้านส้มตำเรียงรางอยู่ริมฟุตบาทสามถึงสี่ร้านด้วยกัน 

หลายคนอาจจะอยากลองกิน แต่ไม่รู้ร้านไหนอร่อยสุด ว",3,จานรสชาติอร่อยอาหารทานเมนูสั่งดีบาทปลา,0.998477816581726
15,"ร้าน 1-cake ร้านกาแฟแอนด์เบเกอรี่ เป็นร้านกาแฟน่ารัก ตั้งอยู้ตรงข้ามกับพานิชใน  จังหวัดพนะนครศรีอยุธยา
ค่ะ ถ้ามาจากกรุงเทพ ขับตรงข้ามสะพานเข้าตัวเมืองอยุธยา ชิดด้านซ้าย ลงจากสะพาน เลี้ยวซ้ายแล้วขับตร",2,ทานอร่อยกาแฟสั่งดีรสชาติกินรสคนชอบ,0.998122572898865
16,ไปทานมาเพราะเห็นเปิดแบบบุฟเฟต์ทุกวันเสาร์อาทิตย์ บ่ายสองถึงหกโมงเย็น 2คน 1200++฿(บัตรastorspgใช้ลดได้ตามปกติ) โดยจะเลือกเครื่องดื่มได้คนละชนิด(ถ้าเป็นชาก็เติมนำ้ร้อนได้) ของที่เสิร์ฟแบบชั้นๆจะมีสโคนแล,0,กินอร่อยราคาบาทนะคะดีเมนูเค้กชอบคน,0.99593198299408
17,"แมทช์นี้ที่หัวหิน... ระหว่างที่ยังตกลงว่าทานกลางวันที่ไหนดี??? พี่ตุ่นก็เสนอที่นี่ เพราะใกล้ มีหลายอย่าง
แถมติดทะเลด้วยยยย

เลยเข้ามาทางเขาตะเกียบนิดนึง...

ก็มาร้านนี้ 4 - 5 ครั้งได้แล้ว ติดหาด ",0,กินอร่อยราคาบาทนะคะดีเมนูเค้กชอบคน,0.617453277111053
18,"เคยทานทองม้วนสดมาหลายร้านแล้ว 
ถ้าจะทานแบบอร่อยๆ ใส่มะพร้าวอ่อนต้องร้านนี้เลยครับ
ไม่ตัองไปไกลถึงตลาดสามชุกร้อยปี
จุดสำคัญก็ตรงที่มะพร้าวอ่อนนี่แหละครับ
ร้านอยู่ในปั้ม. ปตท. ก่อนถึงบายพาสเลี่ยงเมื",5,ทานอร่อยรสชาติสาขาบาทเมนูสั่งอาหารดีกิน,0.980800151824951
19,"ร้านกาแฟร้านนี้ เมื่อเข้าไปแล้วบรรยายกาศจะออกแนวไทยๆหรูๆ ด้านในมีเพียงไม่กี่โต๊ะ ทำให้ดูไม่แออัดจนเกินไป สามารถนั่งได้เรื่อยๆ
มีปลั๊กไฟให้บริการหลายจุด(ชอบมาก เหมาะสำหรับเอาโน้ตบุ๊คมาทำงานมากๆเลยหล่ะ",5,ทานอร่อยรสชาติสาขาบาทเมนูสั่งอาหารดีกิน,0.468815326690674
20,เช้าๆบ่ายๆหรือเย็นๆ อาหารว่างที่คนเรามักหยิบจับไปกินดื่มเล่นนั้น ส่วนมากก็ไม่พ้นน้ำชากาแฟ หนมปัง และน้ำปั่น วันน้ี้เราจะมาดูน้ำปั่นของร้านนี้ซึ่งขายมานาน(ไม่แน่ใจว่านานเท่าไหร่แต่ก็นานอยู่) ทีเด็ดอยู่,6,อาหารรสชาติกาแฟกินดีอร่อยน้ำสั่งปั่นราคา,0.992409944534302
21,ร้านอาหารและเครื่องดื่ม ที่ราคาเป็นกันเองมากๆ พอๆ กับบรรยากาศ ที่เหมือนไปนั่งกินกาแฟในสวนบ้านเพื่อน แถมบางวันมีดนตรีสดมาขับกล่อมให้ฟังกันกลางสวนอีกด้วย เป็นร้านที่จะนั่งกิน นั่งคุยกันนานแค่ไหน หรือจะอ,0,กินอร่อยราคาบาทนะคะดีเมนูเค้กชอบคน,0.994879961013794
22,"ขอไปกินกับเค้าบ้างเหอะ แหม อยู่ใกล้บ้านตั้งขนาดนี้ ไม่ได้ไปกินมาตั้งเกินสองปีแล้วนะเนี่ย อืม แต่ถึงไม่ได้กินนานแต่ก็ยังนึกรสออก แล้วก็ออกมาตามที่คิดจริงๆด้วย

ไปวันเสาร์ตอนบ่าย ไม่ต้องรอ แต่ว่าผ่านม",0,กินอร่อยราคาบาทนะคะดีเมนูเค้กชอบคน,0.036473650485277
23,ระหว่างมุ่งหน้าสู่ชัยภูมิ เราแวะเติมพลังกันที่ร้านก๋วยเตี๋ยวตำลึงขึ้นชื่อ ร้านออกจะลึกลับนิดนึง ขับเข้ามาในซอยสุระนารายณ์ 19 (ซอยหมู่บ้านศิวพร) หากขับไปเรื่อยๆ รับรองหาไม่เจอ เพราะต้องใช้ถนนสายในเลียบ,10,เค้าอาหารคนกินรสชาติระดับดีบริการเผ็ดที่นี่,0.996439278125763
24,"านพายจริณ เป็นร้านคาเฟ่และเบเกอรี่เล็กๆที่มีสาขาแรกอยู่ที่เชียงรายค่ะ 
ตอนนี้มาเปิดสาขาใหม่ที่เชียงใหม่ ซอยนิมมาน 11 ค่ะ 
บรรยากาศของร้านถูกตกแต่งไว้อย่างสบายๆค่ะ มีที่นั่งให้เลือกด้านในเย็นๆกับโอเพ",3,จานรสชาติอร่อยอาหารทานเมนูสั่งดีบาทปลา,0.996807217597961
25,"มีคนแนะนำมาว่าต้องร้านนี้ 
เลยขอลองสักหน่อย ไม่ผิดหวังจริงๆ 
เข้ามาไกลสักหน่อย ขับรถตามป้ายเค้ามา วิวแจ่มมาก มีรีสอร์ทบริการด้วย 

รสชาติอาหารดีมากๆๆ สดๆๆ อร่อยแถมไม่แพงอีก 

ทานยำทิวทัศน์ เป็นย",2,ทานอร่อยกาแฟสั่งดีรสชาติกินรสคนชอบ,0.259281039237976
26,คิดถึงร้านนี้มาก สมัยเรียนพิเศษที่ดาวองก์เยาวราช มากินแทบทุกวันเลย พอกัดอยู่ตรงสามแยกหมอมี ตรงข้ามธนาคารยูโอบีเลย ร้านเป็นตึกแถวสองคูหา ร้านอาจจะดูเก่าๆ โทรมๆหน่อย แต่ก็ตามกาลเวลานั่นแหละ ถึงจะเก่าแต่,0,กินอร่อยราคาบาทนะคะดีเมนูเค้กชอบคน,0.995598554611206
27,เดือนแรกที่เค้าต่อคิวกัน 2 - 3 ชั่วโมง เราก็ว่าเค้าบ้าอ่ะ...เมืองนอกเมืองนาเค้าแจกฟรีให้ชิมในขณะที่ทำ Original Glazed สดๆ ... แล้ววันนึงอ้อมที่อ้อมเบื่อ(งาน)ถึงขีดสุด ก็ไปลองต่อแถวมั่ง ฮ่าๆๆ บ้าดีเนอะ,2,ทานอร่อยกาแฟสั่งดีรสชาติกินรสคนชอบ,0.99795526266098
28,"หันไปหันมา อยากไปแตะขอบฟ้าบ้างอะไรบ้าง จะไปถึงกลางใจเมืองก็เหนื่อยขับรถ
รถไฟฟ้านี่แหล่ะนะ สถานีทองหล่อ เดินนิดนึงพอได้โชว์หุ่นอวบๆ   Octave Rooftop อยู่ชั้น เกือบบนสุด ของโรงแรมแมริออท สุขุมวิทค่ะ บร",12,กาแฟดีเมนูนั่งรสชาติลองสั่งกินราคาชอบ,0.996250331401825
29,เป็นร้านเครื่องดื่มขนาดกระทัดรัด พื้นที่น้อย เน้นบริการแบบให้ซื้อกลับบ้านค่ะ วันนี้ผ่านมาเลยแวะซื้อกินสักแก้ว ปรากฎว่าอร่อยดีค่ะ มีให้เลือกหลายรส หลายสไตล์ ใครชอบชาแบบไหนก็เลือกได้ตามสบาย ชานมไข่มุกก็,7,ชาไข่มุกนมรสชาติหวานแก้วบาททานเลือกเครื่องดื่ม,0.311622023582458
30,"ร้านขายเครื่องดื่มผลิตภัณฑ์ชาเขียว ไอศรีมชาเขียว ชาเขียวไข่มุก ชานมไข่มุก รสชาติชาเขียวแบบเข้มข้น ถ้าคนไม่ชอบชาเขียวมากๆ อาจจะไม่ชอบแบบนี้เท่าไร มีชานมด้วยหากไม่ชอบชาเขียว ราคาอาจจะสูงหน่อย
ที่นั่ง: ",7,ชาไข่มุกนมรสชาติหวานแก้วบาททานเลือกเครื่องดื่ม,0.344907283782959
31,"ชานมไข่มุก จริงๆคืออ้วนมาก
ไม่ค่อยอยากกินเลย
แต่ปฏิเสธไม่ได้ เพราะ ชอบมากกก !!!

เจ้านี้เนี่ย เด็ดที่พุดดิ้งนม
แค่ตอนรอสั่งก็ได้กลิ่นหอมฉุยโชยมาแล้ว
พอได้กินปุ๊ปยิ่งฟิน หอมสุด :3

แก้วนี้ ชานม",0,กินอร่อยราคาบาทนะคะดีเมนูเค้กชอบคน,0.652760446071625
32,"ร้านกาแฟนรสิงห์ ณ วังพญาไท

ได้ยินชื่อร้านกาแฟนี้มานานแล้ว อยากลองไปทานมาก ผ่านมาผ่านไปก็หลายรอบ วันนี้โชคดีมากที่ได้มาลองทาน เพราะวันนี้แหม่มและกุ้งมาตรวจวัดสายตาที่โรงพยาบาลพระมงกุฏฯ ค่ะ ช่วงพักเท",11,กาแฟรสชาติกกทานพญาไทอร่อยนรสิงห์พระราชวังสะพานนุ่ม,0.234621345996857
33,"ร้านนี้เป็นร้านกาแฟแนวน่ารักแนวๆ ขายกาแฟก็แนวๆชงแบบญี่ปุ่น 
กลิ่นกาแฟ หอมถูกจริต บางทีจะมีกาแฟแปลกๆมาให้ลอง ครั้งนี้ไปโดนเม็ดจากปาปัวนิวกีนี

สำหรับขนมทีเด็ด คือ ครัวซองกับบราวนี่ ครัวซอง เด็ดมากๆๆ",5,ทานอร่อยรสชาติสาขาบาทเมนูสั่งอาหารดีกิน,0.991174399852753
34,"เดินผ่านร้านนี้มาหลายครั้งแล้วค่ะ สังเกตว่าร้านนี้เป็นที่สนใจของชาวต่างชาติม๊ากมาก วันนี้ได้ฤกษ์ดีหิ้วท้องกิ่วๆ มารอเพื่อนที่ร้านนี้ ลองชิมขนมหวานรองท้องและพักขากันหน่อยก่อนไปจัดอาหารคาว

ร้าน Yello",0,กินอร่อยราคาบาทนะคะดีเมนูเค้กชอบคน,0.996685206890106
35,"ร้านนี้ ใครๆก็รู้จักว่าเป็นร้านกาแฟ แต่อาหารของเค้าก็อร่อยนะ
ตอนนี้ ถึงแม้คาร์ฟูร์ อ่อนนุช เปลี่ยนเป็นบิ๊กซี เอ็กซ์ตร้า ไปแล้ว  แต่ร้านนี้ก็ยังขายดิบขายดี ถ้าไม่รีบไปแต่วัน ก็ต้องไปคอยให้โต๊ะว่าง จะใ",13,อร่อยทอดดีผักรสชาติอาหารกุ้งเมนูทานขนมปัง,0.996382713317871
36,ร้านตกแต่งน่ารักมาก สไตล์นั่งอยู่ในบ้านก็จะมีของใช้กระจุกกระจิกที่มีตามบ้าน (ฝรั่ง) สีสันโทนน้ำตาลเหลือง สดใสผสมอบอุ่น เหมาะแก่การนั่งคุยเพลินๆจิบชากาแฟ กับเพื่อนๆ ถ้ามากับคู่รักแต่ละคนก็จะเข้าสู่โลกส,0,กินอร่อยราคาบาทนะคะดีเมนูเค้กชอบคน,0.265543311834335
37,"ร้านใหม่พึ่งเปิดได้ 3 เดือน เลยมาลองดู ไม่ผิดหวังเลย 
วันนี้ลอง coffee jelly  iced drip กับ บราวนี่ อร่อยอะ ใครชอบกาแฟ อยากลองพวก filter coffee ร้านนี้มีบริการนะ drip/ iced drip / moka / french press",5,ทานอร่อยรสชาติสาขาบาทเมนูสั่งอาหารดีกิน,0.990300953388214
38,"ร้านนี้เป็นของดาราตลกชื่อดังค่ะ คุณหม่ำนั่นเอง

เคยมาทานสองสามครั้งเพราะมาเยี่ยมญาติ แล้วญาติแนะนำ  ร้านตั้งอยู่ติดเดอะมอลล์ บางแคเลยค่ะ ถ้ามาจากเส้นบรมราชชนนีแล้วจะฉีกออกมากาญจนาภิเษก ร้านจะอยู่ซ้า",3,จานรสชาติอร่อยอาหารทานเมนูสั่งดีบาทปลา,0.996343493461609
39,"     ร้านนี้เป็นอีกร้านที่ติดใจเพราะเคยได้ลองที่ตึกมาลีนนท์ตอนไปดูงานที่ช่อง3 ขอบอกว่าปลื้มชอกโกแลตร้อน และวิปครีมของร้านมากๆ
    มาที่สาขามิดทาวน์อโศกก็ยังสั่งชอกโกแลตร้อนเช่นเดิม สาขานี้ดูมีเคิกให้",8,กาแฟอร่อยอาหารชอบดีรสชาติเมนูทานราคาบาท,0.995245277881622
40,มาช๊อปปิ้งในห้าง และเอารถมาล้างที่โปรคลีน ประวิงเวลาโดยการมานั่งจิบกาแฟ สบายๆ โซฟานุ่มๆ วันนี้สั่งกาแฟร้อน ลาเต้คาราเมลร้อน กับคาปูชิโนร้อน นั่งเล่นมือถือเพลินๆ รถล้างเสร็จ จ่ายเงิน อิ่มท้อง มาที่เดีย,4,กุ้งชาดแป้งกาแฟน่ารักแมวทานเกร็ดพิมพ์นุ่ม,0.987249910831451
41,"ร้านอาหารเรื่อนปั้นหยา ที่จอดรถกว้างขวางสะดวกสบาย

รสชาติอาหารของที่นี่ถือว่าโอเคในระดับนึง แต่มีของแปลกๆอย่างเช่น เป็ดอบกาแฟ ห่อหมกครก
ราคาอาหารแพงไปนิดสำหรับคุณภาพอาหาร
บรรยากาศปานกลางครับ ไม่ได",3,จานรสชาติอร่อยอาหารทานเมนูสั่งดีบาทปลา,0.990871131420136
42,"ร้านอยู่โซนซุ้มขายของเล็กๆตรงกลางนะคะ ใกล้ๆกับ Kamu

ชาร้านนี้อร่อยค่ะทั้งชานมชาเขียว หอมๆ ไม่หวานจัด 
และก็มักจะมีโปรดีๆแบบ ซื้อแก้วใหญ่ราคาธรรมดา 1 แก้ว แถมชานมไข่มุก 1 แก้ว วันนี้เราเลยได้ เกียว",0,กินอร่อยราคาบาทนะคะดีเมนูเค้กชอบคน,0.76198023557663
43,ปกติมาแถวนี้กินแต่stbลองวิสต้าคาเฟ่บ้าง. ชอบบรรยากาสในร้าน มีไวฟายฟรี ไม่ได้สั่งกาแฟๆม่รู้รสชาติเป็นไงแต่มัทฉะกรีนทีเย็นรสชาติอร่อยใช้ได้แต่ไม่ถึงกับstb แต่มัเค้กและเบเกอรีาเยอะมากๆลองสั่งเค้กลูกพรุนส,2,ทานอร่อยกาแฟสั่งดีรสชาติกินรสคนชอบ,0.993259191513062
44,"บนห้าง Big-C ราชดำริ นิวคุงได้ไปเจอร้านขายน้ำที่ชื่อว่า Iceken ที่ขายเครื่องดื่มแนวๆชานมไข่มุกในราคาที่ถูกมากๆ เลยเอามารีวิวซะเลย
ร้านจะตั้งอยู่ที่ชั้น 4 ของห้าง Big-C อยู่โซนด้านหลังที่จะออกไปเจอลาน",0,กินอร่อยราคาบาทนะคะดีเมนูเค้กชอบคน,0.381797790527344
45,"เหมือนร้านจะย้ายมาจากใต้ดิ อิมเพรสป่าว ไม่มั่นใจนะ(ตอนนี้อยู่ใต้พิมานคอนโด)
รสชาติกาแฟเหมือน starbucks เลย บรรยากาศน่านั่งที่สุดในสามโลก ร้านสวยมาก บรรยายไม่ถูกดูจากรูปเอานะ กินกาแฟพร้อมกับฟังเพลงสบา",9,ทานอาหารเมนูดีอร่อยกาแฟรสชาติราคาชอบรังนก,0.991245329380035
46,ร้านอาหารไทยฟิวชั่น อร่อย สะอาด แต่ราคาสูงไปนิดนึง นอกจากอาหาร ยังมีเค้ก แล้วก็พวกกาแฟด้วย เรียกได้ว่ามาที่นี่ที่เดียว อิ่มอร่อยครบเครื่องเลยค่ะ เมนูที่อยากแนะนำก็ปอเปี๊ยะแฮมชีส ไก่ทอดครีมสลัดลาบ เห็ด,8,กาแฟอร่อยอาหารชอบดีรสชาติเมนูทานราคาบาท,0.991936922073364
47,...น่าจะใช่นะ Ochaya มีสาขาเยอะมากๆทั้งตึกออฟฟิศ รถไฟฟ้า ห้าง หาอร่อยได้ตามสะดวกเลย สาขานี้เปิดได้ไม่นานอยู่ในห้าง Big C สาขาสุขาภิบาล 5 เราทานเมนูประจำชานมไข่มุก ชาหอมใช้ได้ ไข่มุกหยุ่นๆไม่เละ รสชาติ,5,ทานอร่อยรสชาติสาขาบาทเมนูสั่งอาหารดีกิน,0.488429576158524
48,นัดกับรุ่นน้องไว้ว่าจะพาไปเลี้ยงและอยากทานกาแฟตบท้ายอร่อยๆ ก็เลยนึกถึงร้านนี้ได้ เป็นคาเฟ่แบบเก่าๆในย่านอนุสาวรีย์ ร้านนี้ตั้งอยู่ที่วังพญาไท หาไม่ยากครับ เข้ามาในเขตรั้วแล้วเหมือนกลับไปอยู่โลกสมัยเก่,2,ทานอร่อยกาแฟสั่งดีรสชาติกินรสคนชอบ,0.511535227298737
49,"สาระพัดยำ แบบแซ่บๆ ราคาไม่แพง

ร้านยำแซ่บ สาขา เซ็นทรัลพระราม9 อยู่ชั้น7 ข้างๆร้าน sukishi บรรยากาศสบายๆ ชิวๆ พนักงานบริการดีค่ะ ร้านสะอาด อาหารมาไวมากๆ เรียกว่าไม่ต้องรอเลยค่ะ รสชาติตามชื่อเลยค่ะ แ",9,ทานอาหารเมนูดีอร่อยกาแฟรสชาติราคาชอบรังนก,0.994993269443512
50,"ส่วนตัวชอบทานกาแฟยี่ห้อนี้อยุ่ด้วย ผมว่ากลิ่นหอมดี นุ่มดี และด้วยการตกแต่งร้านคลาสสิกดี นั่งทำงานในร้านพร้อมเค๊กหอมหวาน นั่งมองผู้คน มีความสุขดีนะครับ(อารมณ์ติต 555).  
     ที่ผมชอบทาน ลองได้นะครับ ",2,ทานอร่อยกาแฟสั่งดีรสชาติกินรสคนชอบ,0.992865800857544
51,ร้านนี้น่าจะเป็น Cat Cafe ร้านแรกของประเทศไทย เจ้าของร้านคือคุณเพชร (ฝาแฝดเพชร-พลอย) ร้านแต่งได้น่ารักมาก และแมวในร้านก็น่ารักมากๆด้วย ก่อนเข้าร้านทางร้านจะให้ล้างมือ และถอดรองเท้าก่อน ถึงจะเข้าไปข้าง,4,กุ้งชาดแป้งกาแฟน่ารักแมวทานเกร็ดพิมพ์นุ่ม,0.98900043964386
52,"ปังภูเขาไฟ กับอ่กาศร้อนๆ เข้ากันฝุดๆ
หวานๆอร่อยดี แต่กาแฟม่ะค่อยถูกจัยเท่าไหร่
แต่ปังภูเขาไฟเย็นๆเริศมากๆๆๆ
เมนูปังอื่นๆก็น่ากิน แต่แค่ปังภูเขาไฟนี่ก็ให้หมดก่อนเห๊อะ จานบิ๊กมากๆ เล่นเอาอิ่มแปล้เรย ",0,กินอร่อยราคาบาทนะคะดีเมนูเค้กชอบคน,0.988403022289276
53,"ระหว่างรอจัดงานลอยกระทง เลยมานั่งพักดื่มกาแฟสักครู่ ร้านนี้ตั้งอยู่ที่ท่าน้ำพอดิบพอดี มีเครื่องดื่มให้เลือกมากมาย อาทิกาแฟสด สมูตตี้ ขนมปัง สลัด ของว่างทานเล่น 

บรรยากาศด้านในสบายๆ จนอยากนอนหลับ สั",2,ทานอร่อยกาแฟสั่งดีรสชาติกินรสคนชอบ,0.991350889205933
54,"มองจากภาพนอกร้าน คนที่เดินผ่านไปมาคงเห็นว่าร้านนี้ต้องมีดีอะไรสักอย่างแน่ๆ ชวนให้ผู้คนแวะเวียนเข้าร้าน April Store

บรรยากาศร้านเล็กๆ แลดูอบอุ่น เจ้าของเป็นกันเอง เมื่อสั่งกาแฟ จะต้องประหลาดใจกับวิธ",8,กาแฟอร่อยอาหารชอบดีรสชาติเมนูทานราคาบาท,0.996115028858185
55,สวัสดีค่ะ ทานมื้อกลางวันแล้วก็มาทานกาแฟกันต่อเลยค่ะ วันนี้จะพาไปทานทรูคอฟฟี่ สาขาจามจุรีสแควร์ค่ะ ร้านจะอยู่ด้านหน้าติดถนน สาขานี้เป็นร้านโปร่ง โล่ง สบาย น่านั่งมาก สิ่งอำนวยความสะดวกที่เป็นสินค้าบริก,0,กินอร่อยราคาบาทนะคะดีเมนูเค้กชอบคน,0.433860570192337
56,เป็นร้านที่ได้ผักเยอะมากกกกกกกกกกก อร่อยคุ้มราคา ชอบซี่โครงสะพานโค้งเป็นพิเศษ อาจจะไกลไปนิดหนึ่ง เพราะร้านตั้งอยู่นอกเมือง ร้านบรรยากาศดี มีหลายโซนให้เลือกนั่ง มีวิวเป็นสวนผักออแกนิก ทำให้รู้สึกสบายตา,6,อาหารรสชาติกาแฟกินดีอร่อยน้ำสั่งปั่นราคา,0.986268043518066
57,เอ๊ะ!! ขับรถผ่านนเจอมุมสงบร้านกาแฟเหมือนสวนนั่งพักผ่อนน เลยแวะเข้ามา บรรยากาศเงียบดีค่ะ อาจเพราะอยู่ในซอย คนเลยยยังไม่ค่อยรู้จักเยอะคะ เหมาะแก่การนั่งชิวอ่านหนังสือนั่งคุยกับเพื่อน เปิดเพลงคลอเบาๆ มีw,2,ทานอร่อยกาแฟสั่งดีรสชาติกินรสคนชอบ,0.582216739654541
58,ร้าน April store เป็นร้านกาแฟขนาดเล็ก ตั้งอยู่บริเวณใกล้กับหอยูเซ็นเตอร์ ซึ่งห่างกับรั้วจุฬาทางด้านคณะนิติศาสตร์เพียงแค่ถนนเล็กๆ กั้นค่ะ เดินทางไม่ยากด้วยรถโดยเลี้ยวเข้าซอยจุฬา 42 หรือจะเลือกนั่งรถ ปอ,8,กาแฟอร่อยอาหารชอบดีรสชาติเมนูทานราคาบาท,0.998591363430023
59,"SipnSurf ~ The inspiration coffee

ร้านนี้อยู่แถวพัฒนาการ เยื้องๆ กับ Tesco Lotus พัฒนาการ โดยส่วนตัวไม่คุ้นเคยกับแถวนี้เลยค่ะ เข้าร้านนี้เพราะตอนนั้นจะลงแดงคาเฟอีนค่ะ ต้องการฉีดคาเฟอีนเข้ากระแสเลือ",12,กาแฟดีเมนูนั่งรสชาติลองสั่งกินราคาชอบ,0.996213436126709
60,"ร้านก๋วยเตี๋ยว 22 เป็นร้านเก่าแก่ ครองใจคนชลบุรีมาหลายสิบปี 
ร้านเดิมจะอยู่ตรงหน้าวัดใหญ่ ปัจจุบัน อยู่หน้าห้างฟอรั่ม 
คนจะเยอะตลอด ไปตอนเที่ยงแทบไม่มีโต๊ะนั่ง บริการรวดเร็ว คนเยอะแต่คอยไม่นาน
ที่จ",0,กินอร่อยราคาบาทนะคะดีเมนูเค้กชอบคน,0.075409263372421
61,"วันนี้มาเดินเที่ยวสยามคะ ถ้าชาไข่มุกอร่อยๆต้องร้านนี้เลยคะ ดากาชิ Dakasi อยู่Siam Square ซอย 7 
มีเมนูให้เลือกเยอะมากคะ วันนี้ทานชานมไข่มุก ราคา 45 บาทคะ กินแทบทุกครั้งที่มาเลย รสชาติไม่หวานมาก
ไข่ม",0,กินอร่อยราคาบาทนะคะดีเมนูเค้กชอบคน,0.673666834831238
62,ต้องมาทำงานที่เซ็นทรัล พอจอดรถเสร็จระหว่างเดินขึ้นห้างก็ผ่านร้านกาแฟที่ชั้น B1 ดูบรรยากาศน่าทานค่ะมีที่นั่งเล็กๆอยู่หลายที่เลือกค่ะประมาณ 6-7 โต๊ะ และราคาก็ไม่แพงอย่างที่คิด ราคากันเองค่ะเพราะถ้าขึ้นไ,2,ทานอร่อยกาแฟสั่งดีรสชาติกินรสคนชอบ,0.995200097560883
63,เข้าวังไปจิบกาแฟกันนะครับ บอกได้เลยว่า มาร้านนี้ อิ่มท้อง แล้วก็อิ่มใจ ที่ได้รับรู้เรื่องราวประวัติศาตร์ของวังพญาไท รู้สึกภูมิใจในประเทศของเราจัง ร้านกาแฟแห่งนี้มีประวัติยาวนาน เป็นร้านกาแฟที่สืบทอดมา,11,กาแฟรสชาติกกทานพญาไทอร่อยนรสิงห์พระราชวังสะพานนุ่ม,0.996576905250549
64,"ร้านกาแฟอเมซอน มีหลายสาขาครับ
แต่ที่แนะนำ คือร้านที่อยู่ในปั๊ม ปตท. ขาเข้ากทม จากจังหวัดนครปฐม
ที่มีร้านสรรพสินค้า เจ๊ต ในปั๊มด้วย
ร้านจะอยู่ด้วยหลัง เห็นชัดครับ

ร้านนี้พิเศษคือพนักงาน น่ารักทุก",12,กาแฟดีเมนูนั่งรสชาติลองสั่งกินราคาชอบ,0.993848085403442
65,ใครรักข้าวห่อไข่ มาจานนี้จะจุใจมาก เพราะเมนูเกือบทั้งเล่มเป็นข้าวห่อไข่สารพัดชนิด ตั้งแต่แบบอนุรักษ์นิยม หรือแบบที่เจาะปั๊บไข่จะเยิ่มทะลักออกมา ยันสูตรแปลกๆแบบที่ไม่มีเห็นที่อื่น เช่นเอาข้าวห่อไข่ไปใส,3,จานรสชาติอร่อยอาหารทานเมนูสั่งดีบาทปลา,0.995771288871765
66,ร้าน April store อยู่บริเวณสวนของ ยู เซ็นเตอร์ ซอยจุฬา 42 ค่ะ เป็นร้านเล็กๆ น่ารักๆ กับรสชาติกาแฟระดับคุณภาพที่หอมกรุ่นละมุนลิ้น อย่างเมนูที่นี้มีที่อยากแนะนำคือ อิตาเลียนโซดา ที่มีทั้ง เลมอนเนดโซดา ก,8,กาแฟอร่อยอาหารชอบดีรสชาติเมนูทานราคาบาท,0.994155764579773
67,มาครั้งแรกจะไปตัดสินใจอะไรได้น้อ ผมเดินจากลานจอดรถที่กว้างใหญ่เดินจะเข้าประตูร้าน นึกว่าตัวเองหลงไปงานเฟสติวัลที่ไหนซะอีก ก็แหมไฟที่ประดับประดาไว้ดูอลังการงานสร้างซะจริงเชียว ซุ้มทางเข้าเอาเรือไม้โบรา,12,กาแฟดีเมนูนั่งรสชาติลองสั่งกินราคาชอบ,0.375851452350616
68,โดยส่วนตัวชอบ Ice caramel macchiato ที่สุดเพราะรสชาติไม่เข้ม ไม่อ่อนจนเกินไป กลมกล่อมกำลังดี แต่สำหรับคนที่ไม่ชอบทานกาแฟต้องลองโกโก้เย็น เพราะเข้มข้นถึงใจ ส่วนอาหารทานคู่ก็ต้องแซนวิชแฮมชีส ชีสเยิ้มๆ ข,8,กาแฟอร่อยอาหารชอบดีรสชาติเมนูทานราคาบาท,0.991582334041595
69,"ร้านเชฟมด รอบนี้มาจัดเป็นรอบที่สอง หลังจากถูกใจรอบเเรกมากๆค่ะ ร้านอยู่ไม่ไกลจากโรงเรียนเพลินพัฒนา อยู่หน้าถนนพุทธมณฑลสาย 2 ค่ะ โดยร้านเป็นตึกแถวๆเล็กๆ สามารถจอดรถได้หน้าร้่นเเละข้างทางค่ะ

บรรยากาศร",3,จานรสชาติอร่อยอาหารทานเมนูสั่งดีบาทปลา,0.999291181564331
70,สารภาพว่าไม่เคยคิดจะไปต่อคิวซื้อมากินเองครับ บังเอิญมีรุ่นน้องที่ไม่ได้เจอกันนานชวนไปเป็นเพื่อน แล้วเค้าให้ซื้อได้คนละกล่อง เลยเข้าไปต่อคิวซื้อให้น้องเพิ่มอีกกล่องนึง น้องใจดีแบ่งมาให้ชิมหนึ่งชิ้นถ้วน,2,ทานอร่อยกาแฟสั่งดีรสชาติกินรสคนชอบ,0.996346890926361
71,จริงๆจะไปกินร้านอื่นครับที่อยู่ในซอยเดียวกัน แต่ดันแวะร้านนี้ก่อนถึงที่หมาย 555+ บรรยากาศภายนอกตอนค่ำผมนึึกว่าร้านคาราโอเกะนั่งดิ๊งค์ซะอีก ก้อเล่นติดไฟเป็นสีๆกระพริบๆ แต่พอเอาเข้าจริงต้องบอกว่าเก๋ไก๋ ,12,กาแฟดีเมนูนั่งรสชาติลองสั่งกินราคาชอบ,0.99688857793808
72,"

------------เกริ่นๆๆ 

ทริปลงใต้ครั้งนี้ ได้รับอุปการะจากคุณแม่แสนน่ารัก ในการอัดฉีดอาหารเข้าปากและท้องพลุ้ยๆของลูกคนนี้เป็นอย่างดี แวะแทบทุกร้าน ระหว่างทาง ตั้งแต่โจ๊ก หมูปิ้ง ปลาหมึกสด ยันโกโก",6,อาหารรสชาติกาแฟกินดีอร่อยน้ำสั่งปั่นราคา,0.930999636650085
73,มีใครทำงานหรืออาศัยในย่านธุรกิจอย่างสุขุมวิทบ้างหรือเปล่าคะ ใครที่อยู่แถวนี้เวลาท้องร้องประท้วงด้วยความหิวคงมีอาหารให้เลือกกินได้เยอะแยะ เพราะละแวกนี้มีร้านอาหารให้อิ่มหนำสำราญได้มากมายหลากหลาย และหนึ,3,จานรสชาติอร่อยอาหารทานเมนูสั่งดีบาทปลา,0.969240128993988
74,"วันก่อนนิวคุงไปเดินเล่นหาอะไรกินในย่านหอการค้า ก็ได้มาเจอร้าน BUBBLE T เป็นร้านชานมร้านใหม่เปิดขายอยู่ เลยแวะลองชิมซะเลย
โดยร้านนี้จะตั้งอยู่ในซอยประชาสงเคราะห์ 27 เข้ามาในซอยแล้วเจอสามแยกแล้วให้เลี้",0,กินอร่อยราคาบาทนะคะดีเมนูเค้กชอบคน,0.480303227901459
75,โดยส่วนตัวแล้วไปทานที่ร้านแบล๊กแคนยอนที่สาขารามอินทราค่อนข้างบ่อย เนื่องจากไม่ไกลจากที่ทำงาน มีอาหารจานเดียวและกาแฟบริการพร้อมเสร็จ แต่ติดที่รสชาติของอาหารและกาแฟแต่ละสาขาไม่คงที่และไม่แน่นอน หวานไปนิ,5,ทานอร่อยรสชาติสาขาบาทเมนูสั่งอาหารดีกิน,0.996134519577026
76,มาถึงเมืองชลอีกครั้งค่า จาไปพัทยา แต่มอเตอร์เวย์รถติดในวันหยุดยาว เลยตัดสินใจเลี้ยวออกมาเมืองชล ผ่านตลาดชลคิดว่าต้องมีร้านอร่อยซ่อนตัวแน่กับเมืองดังภาคตะวันออก เลยขอตามรอยนักชิมในwongnai. คิดว่าร้านนี,3,จานรสชาติอร่อยอาหารทานเมนูสั่งดีบาทปลา,0.997819364070892
77,"ร้านจะเป็นร้านนั่งแทบจะติดทะเลเลยนะคะ อารมณ์ชาวบ้านนิดๆ แต่คนเยอะประสาร้านดัง

อาหารราคาไม่แพงนะคะ กลุ่มเรากินกันเพียบก็ตกหัวละสองร้อยนิดๆได้ สั่งมามีปลาหมึกกระเทียม หอยหวาน ตำทะเล อื่นๆ อร่อยทุกอย่",0,กินอร่อยราคาบาทนะคะดีเมนูเค้กชอบคน,0.273092806339264
78,มีโอกาสได้ไปกินไอติมที่ร้านนี้มา ชอบตั้งแต่การตกแต่งร้านเลย มันทั้งแนวและน่ารักในเวลาเดียวกัน เป็นร้านเล็กๆ อบอุ่น ได้เจอเจ้าของร้านด้วย เจ้าของร้านเป็นสาวหวานกับสาวติสต์ เลยทำให้ได้คำตอบว่าทำไมร้านถึ,0,กินอร่อยราคาบาทนะคะดีเมนูเค้กชอบคน,0.998302161693573
79,"มาคนเดียว เดินเลือกอยู่นาน อยากกินอะไรที่ไม่อ้วน ไม่ต้องต่อคิว นั่งได้เรื่อยๆ ไม่ต้องรีบ(เพราะจำกัดเวลาหรือเกรงใจคนอื่นรอโต๊ะ) เลยได้ร้านดั้งเดิม เสมือนเป็นวัยรุ่นมาด้วยกัน555

@สั่งกินเล่น ส้มตำข้า",2,ทานอร่อยกาแฟสั่งดีรสชาติกินรสคนชอบ,0.497208267450333
80,ชอบพาย ต้องร้านนี้  มีพายหลากหลายแบบและรสชาติ เค๊กก็มีครับ ต้องมาลองชมและชิมครับ ที่แนะนำคือพายมะพร้าว หน้าพายเฉยๆนะครับแต่ไส้หรือเนื้ออร่อยดีครับ  ที่ร้านมีกาแฟสดด้วยแต่ไม่ได้สั่ง เพราะต้องไปอีกหลายร,3,จานรสชาติอร่อยอาหารทานเมนูสั่งดีบาทปลา,0.721903026103973
81,เป็นร้านอาหารเช้า มีโจ๊กหมู หมี่ซั่ว เกาเหลาเลือดหมู ติ่มซำ ปาท่องโก๋ ชา-กาแฟ พอลองท้องได้ หากจะหาอะไรทานช่วงเช้าถ้าพักแถวอ่าวนาง ขับรถออกมาไม่นานไม่ต้องขับถึงตัวเมืองกระบี่ อยู่ใกล้ปั๊ม ปตท. ใกล้ๆกัน,9,ทานอาหารเมนูดีอร่อยกาแฟรสชาติราคาชอบรังนก,0.988773167133331
82,"ที่บอกว่าขอลบดาวออก 1 ดวง เพราะว่าคราวก่อนเคยมาทานที่ร้านนี้แต่อีกสาขานึงที่อยู่ตรงตลาดหลังการบินไทย 
(ลองย้อนกลับไปดูรีวิวเก่าๆได้) รู้สึกว่ามันดีกว่านี้อ่า หรือว่าวันนั้นที่เราไปทานดาราเค้าอยู่ร้าน",2,ทานอร่อยกาแฟสั่งดีรสชาติกินรสคนชอบ,0.997250437736511
83,"การไปกินเริ่มจากอากาศร้อนเลยไปหาที่นั่งเล่นชิลๆ และหลายคนแนะนำ ร้านนี้ตั้งอยู่ตรงวังพญาทัยตรงมุขที่ยื่นออกมา พอเดินเข้าไปจะเจอกับโซฟาที่มีจำนวนจำกัด เลยมักจะได้นั่งโต๊ะ แต่โซฟาน่านั่งมากนะ 

เรื่องเ",12,กาแฟดีเมนูนั่งรสชาติลองสั่งกินราคาชอบ,0.995451390743256
84,วันนี้ได้ฤกษ์มารีวิวร้านชานมไข่มุก ร้านที่โปรดปรานมากกกก อร่อยชนิดที่ว่าเคยอยากกินชานมร้านนี้มากแต่พี่สาวไม่ยอมพาไปซื้อ ถึงขั้นงอนไม่คุยกันไปสามสี่วัน บางทีแอบคิดว่าเค้าแอบใส่กัญชาเข้าไปหรือเปล่านะ ฮ่,0,กินอร่อยราคาบาทนะคะดีเมนูเค้กชอบคน,0.304034560918808
85,ตอนแรกนึกว่าไม่อร่อยเลยลองเล่นๆ ปรากฎ อร่อยมาก แก้วใหญ่ 40บาทโอ้ยยถูกจริง แต่คนขายจะดูนิ่งๆๆ ลุงแกดูเหมือนหุ่นยนต์ แต่ภายในร้านดูเงียบ สรุปคือบรรยากาศยังไม่ถูกใจ แต่ถ้ากาแฟยกนิ้วให้เลย. คุณภาพคับแก้วจ,8,กาแฟอร่อยอาหารชอบดีรสชาติเมนูทานราคาบาท,0.987830758094788
86,ร้านขายเป็ดห่านพะโล้เก่าแก่ เขาเคลมว่าไม่มีสาขา หาไม่ยากเพราะอยู่ตรงข้ามโรงแรมเพนนินซูลาร์เลย ปากซอย 12 ห้องหัวมุมแรกเป็นศูนย์บัญชาการเป็ด ต้มตุ่น ผัดทอด ไม่ค่อยมีที่นั่ง ถัดมาห้องที่ 4 เป็นตึกแถว มีป,1,เป็ดโต๊ะกาแฟบาทฟี่ริร้อยคอโอเจลลี่,0.837242722511292
87,เป็นคนชอบทานชาไข่มุก ลองมาแล้วหลายร้าน ติดใจรสชาติชาไข่มุกของ wawa cha ไม่แพ้ร้านอื่นๆ ที่เคยได้ลิ้มลองมาเลย ที่เด็ดคงจะอยู่ที่ไข่มุกที่เนื้อเนียนนุ่ม เคี้ยงแล้วไม่เหนียวและแข็ง และรสชานมไข่มุกเป็นอะไ,7,ชาไข่มุกนมรสชาติหวานแก้วบาททานเลือกเครื่องดื่ม,0.990069627761841
88,"มีทั้งอาหารไทยและอาหารอีสานให้เลือกทาน เมนูหลากหลาย รสชาติของอาหารต้องบอกเลยว่าใช้ได้เลยทีเดียว แต่บรรยากาศโดยรอบอาจจะดูบ้านๆไปหน่อย 

อาหารที่ทานแล้วติดใจ
1ส้มตำไทยใส่ปู
2ไส้อ่อนทอดกระเทียม ไม่มี",3,จานรสชาติอร่อยอาหารทานเมนูสั่งดีบาทปลา,0.991087555885315
89,ผมเห็นรีวิวจากคุณ RiceMango ผมก็หาโอกาสว่างตามมาลองชิม ก็เป็นอย่างที่ได้รีวิวไว้เลย บรรยากาศร้านร่มรื่น ตอนนี้เวลา 14:44 น. ไม่รู้สึกร้อนเลยสักนิด เหมาะแก่การนั่งชิวมากๆครับ กาแฟ แล้วก็เค้กเจ้าของร้าน,2,ทานอร่อยกาแฟสั่งดีรสชาติกินรสคนชอบ,0.712093889713287
90,"ร้าน A Little Sweet เป็นร้านของหวานสไตล์ dessert ที่เกิดจากการตกแต่งจากหลายๆอย่างมาจัดในจานให้สวยงาม น่ารัก น่าทาน และที่สำคัญ อร่อยด้วยครับ!!!

ร้านตั้งอยู่ชั้น1 ในห้างโลตัสสามกอง ทางฝั่ง Homepro ค",0,กินอร่อยราคาบาทนะคะดีเมนูเค้กชอบคน,0.893378257751465
91,ร้านกาแฟร้านนี้เป็นอีกร้านนึงที่เราเห็นคนแวะมาดื่มทั้งกาแฟและบรรยากาศกันอย่างไม่ขาดสาย ด้วยเส่นห์ของเจ้าของร้านและความหอมของกลิ่นกาแฟสดที่มีเมนูมาให้เลือกชิมแบบผลัดเปลี่ยนหมุนเวียนไปในแต่ละวัน ตามแต่อ,2,ทานอร่อยกาแฟสั่งดีรสชาติกินรสคนชอบ,0.995002925395966
92,"ร้านเค๊กที่ถูกพูดถึงอย่างมากเรียกได้ว่าป๊อปมากในยุดหนึ่ง แต่ปัจจุบันนี้ก็ยังได้รับความนิยมอยู่อย่างไม่มีทีท่าว่าจะดรอปลงและยังเปิดสาขาอีกหลายที่ในกรุงเทพด้วย 

เจ้าของร้านเป็นสาวยุคใหม่ที่มีใจรักด้า",12,กาแฟดีเมนูนั่งรสชาติลองสั่งกินราคาชอบ,0.996213436126709
93,"




ร้าน Dakasi เป็นร้านเครื่องดื่มครับ มีหลายสาขากันเลยทีเดียว
สำหรับสาขานี้คือเซ็นทรัลลาดพร้าวครับ ร้านนี้ตั้งอยู่ตรงข้ามกับ
ร้านแมคโดนัลด์และฟู๊ดคอสตรงท็อปซูเปอมาเก็ตครับ ซึ่งเป็นร้าน
เล็ก",0,กินอร่อยราคาบาทนะคะดีเมนูเค้กชอบคน,0.85835200548172
94,ไม่รู้จักบางอ้อ แต่พอได้เจอที่นี้ก็ถึงบางอ้อกันเลยที่เดียว ร้านกาแฟที่คนบางอ้อรู้จักดี ร้านกาแฟบ้านบางอ้อ ร้านอยู่ในซอยจรัญสนิทวงค์ 87 ด้วยบรรยากาศร้านที่เหมือนบ้านมีสวนสวย ทำให้เพลินเพลิดในการดื่มและ,0,กินอร่อยราคาบาทนะคะดีเมนูเค้กชอบคน,0.994661629199982
95,"กราบขออภัยสำหรับ...คำพูด แต่ผมมีความรู้สึกอย่างนั้นจริงๆ

""แฟชั่นไอซ์แลนด์"" เป็นสถานที่ที่ผมไปบ่อยมาก สำหรับการฝากท้อง การซื้อของ หรือจิบปาถะมากมาย
ร้านอาหารก็ผ่านมาแล้วมากมาย เรียกได้ว่า ตั้งแต่ร้",0,กินอร่อยราคาบาทนะคะดีเมนูเค้กชอบคน,0.995225548744202
96,ขับรถเข้ามาในซอยโรงพยาบาลสมิติเวช (สุขุมวิท 49) เลย Fuji UFM Supermarket ฝั่งซ้ายมือมาหน่อย ก็จะเห็น Community Mall ขนาดไม่ใหญ่ไม่โตตั้งอยู่บนฝั่งเดียวกันชื่อ Terrace 49 เลี้ยวรถเข้ามาจอดใต้อาคาร เดิน,3,จานรสชาติอร่อยอาหารทานเมนูสั่งดีบาทปลา,0.999300241470337
97,"ร้านวโรชา เป็นร้านก๋วยเตี๋ยวเล็กๆ ที่เปิดมานานแล้ว
อยู่บริเวณซอยเอกมัย 12
ถ้ามาจากรถไฟฟ้า BTS ให้ลงสถานีเอกมัย
และเดินเข้าไปในซอยร้านบ้านไร่กาแฟ (เดินเข้าำไปไกลพอสมควร)
ร้านจะอยู่ฝั่งขวา ให้สังเกต",2,ทานอร่อยกาแฟสั่งดีรสชาติกินรสคนชอบ,0.992098271846771
98,"ระหว่างหนีการต่อคิวยาวเหยียดจากร้านอาหารชื่อดังในถนนแนบเคหาสน์ ก็เหลือบมาเห็นร้านน่ารักๆ ใน ซ.หัวหิน 51 มีคนไม่มากนัก เลยลองเสี่ยงเข้ามาดู
…......................................................
ร้า",0,กินอร่อยราคาบาทนะคะดีเมนูเค้กชอบคน,0.995493352413178
99,"อุดรมีร้านขายอาหารเช้าหลายร้าน แต่ละร้านก็จะมีเมนูคล้าย ๆ กัน ซึ่งหนีไท่พ้นไข่กระทะ ข้าวจี่ปาเต้ ไข่ลวด ชา กาแฟ ร้านนี้ก็มีครบครัน นอกจากนี้ยังมีข้าวต้ม มาม่าหมูสับ และน้ำส้มคั้นสดด้วย

ชอบไข่กระทะร",8,กาแฟอร่อยอาหารชอบดีรสชาติเมนูทานราคาบาท,0.990767538547516
100,"ตอนอยู่มหาวิทยาลัย เป็นที่ประจำเลยสำหรับร้านบ้านไร่กาแฟ สาขานี้ เพราะใกล้บ้านขืนอ่านหนังสือที่บ้าน มีหวังหลับแน่เลย
คราวนี้เพิ่งไปมาไม่นาน ปรับปรุงเปลี่ยนแปลงไปบ้างค่ะ ดูดีขึ้น ไปนั่งอ่านหนังสืออ่านเ",5,ทานอร่อยรสชาติสาขาบาทเมนูสั่งอาหารดีกิน,0.990971028804779
101,ร้านนี้เป็นร้านกาแฟสดบรรยากาศสบายๆออกแนวอิงธรรมชาติหน่อยๆ ตัวร้าน โต๊ะ แล้วก็เก้าอี้ เป็นไม้หมดเลยค่ะ บรรยากาศชิวมาก เหมาะกับการมานั่งจิบกาแฟมองความเป็นไปของผู้คน หลบมุมมานั่งทำงานเงียบๆแบบเป็นส่วนตัว,2,ทานอร่อยกาแฟสั่งดีรสชาติกินรสคนชอบ,0.29120945930481
102,เวลาพักเที่ยงนี่ ร้านอาหารที่ไหนๆคนก็เต็มไปหมด ตอนแรกว่าจะหาข้าวกิน แต่ก็นั่นแหละค่ะ ไม่มีที่นั่งให้คนสวยตัวเล็กคนนี้เลย(ช่างกล้าพูดนะเรา โฮะๆๆ) เวลาพักก็มีจำกัด มองไปรอบข้างซ้ายขวา เห็นตำแหน่งที่นั่ง,0,กินอร่อยราคาบาทนะคะดีเมนูเค้กชอบคน,0.334269046783447
103,"เกี่ยวกับร้าน Near River Golden triangle: 
ร้านอยู่ที่ท่าจอดรถสามเหลี่ยมทองคำ เป็นร้านใหญ่อยู่ด้านหน้าติดถนนใหญ่เลยครับ หาง่าย ป้ายชัดเจนครับ ส่วนใหญ่ขายฝรั่งครับ

การตกแต่งของร้าน:
ตกแต่งร้านแบบค",3,จานรสชาติอร่อยอาหารทานเมนูสั่งดีบาทปลา,0.996723830699921
104,ร้านสีชมพูหวานแหววสะดุดตาที่สยามพารากอนชั้น 4 ดึงดูดสายตาคนผ่านไปไม่ยาก อยู่ด้านหน้า Power mall คัพเค้กมีรสชาติให้เลือกมากมาย มีรูปแบบการ presentation ที่ดี แนะนำอันที่ขายดีตามลำดับ เนื้อของคัพเค้กถือ,0,กินอร่อยราคาบาทนะคะดีเมนูเค้กชอบคน,0.993673026561737
105,"ร้านกินดื่มแบบญี่ปุ่น หรืออิซากายะ เป็นร้านอาหารญี่ปุ่นที่เน้นขายเครื่องดื่มต่างๆ และกับแกล้ม ""Nagiya"" ที่ตั้งอยู่ในนิฮอนมาชิแห่งนี้ถือได้ว่าเป็นร้านแรกของร้านแนวๆนี้ ชาวญี่ปุ่นมักนิยมมาหลังเลิกงาน เม",12,กาแฟดีเมนูนั่งรสชาติลองสั่งกินราคาชอบ,0.994697391986847
106,ร้านชานมไข่มุกร้านนี้ที่เราจะมาแนะนำมีชื่อร้ายว่า kuma เป็นร้านชานมน้องใหม่เมื่อ 2 ปีที่แบ้วตอนนี้โด่งดังจนมีสาขามากมาย สันนี้ที่เรามาเป็นสาขาที่ terminal 21 เราสั่งมาเป็นชานมไข่มุกแก้วใหญ่ ราคา 55 บา,0,กินอร่อยราคาบาทนะคะดีเมนูเค้กชอบคน,0.10800214111805
107,"จากโปรโมชั่นของ openrice ทำให้ได้ลองชิมชายี่ห้อนี้ครับ
สาขา interchange ร้านอยู่ชั้น G เดินไปตามทางเรื่อยๆก็เจอครับ หาไม่ยากเลย
มีพนักงานในร้าน 3 คน มองดูตามผนังร้านมีคำชมของลูกค้าที่มาเขียนฝากไว้ 
",7,ชาไข่มุกนมรสชาติหวานแก้วบาททานเลือกเครื่องดื่ม,0.087767213582993
108,บ้านไร่กาแฟอยู่ตรงBTS เอกมัย ร้านใหญ่พอสมควรเลย ที่นี่เค้าจะขายทั้งอาหารแล้วก็กาแฟ โซนด้านล่างเย็นจะเป็นช่วงของมื้อค่ำ เห็นว่ามีดนตรีสดด้วย ส่วนชั้นสองจะเป็นร้านกาแฟโดยเฉพาะ เราขอไม่พูดถึงโซนอาหารนะ เ,2,ทานอร่อยกาแฟสั่งดีรสชาติกินรสคนชอบ,0.945639312267303
109,"ร้านนี้โฆษณาว่า มีเบียร์แช่เย็นเป็นวุ้น ขายด้วย
เป็นร้านกาแฟ เล็กๆ น่ารัก อยู่หน้าโรงแรมเทรนดี้
มีอาหารง่ายๆ ขายนิดหน่อย พอแก้หิว และเป็นกับแกล้ม

ลองสั่ง ข้าวหน้าหมูกระเทียม และไข่ดาวไม่สุก อร่อย",12,กาแฟดีเมนูนั่งรสชาติลองสั่งกินราคาชอบ,0.989737749099731
110,ถ้วยกาแฟสีส้มมีข้อความที่มาที่ไปของกาแฟของทางร้านรสชาดทานแล้วตาลุกโตทุกทีเข้มข้นและอร่อยอย่าบอกใครดูจากเครื่องชงแล้วราคาแสนกว่าน่าลองชิมกับราคาถ้วยละ40บาทคุ้มนะอาหารลองทานแล่วแต่ไม่เด่นอะไรเบเกอรี่ยิ่,2,ทานอร่อยกาแฟสั่งดีรสชาติกินรสคนชอบ,0.990197062492371
111,"เรามากินร้านนี้เพราะใกล้บ้านแล้วร้านก็สวยดี เลยมาลอง ลองทั้งร้านอาหารและร้านกาแฟด้านล่างเลยในครั้งเดียว 

เริ่มจากร้านกาแฟ เราลองแต่เครื่องดื่มนะ จากรายการแล้วก็ราคาปกติ ไม่ได้แพงมาก เมนูที่เราสั่งค",0,กินอร่อยราคาบาทนะคะดีเมนูเค้กชอบคน,0.144761025905609
112,น้องสาวแนะนำมาว่าขนมจีนน้ำย้อยอร่อยเด็ดเลยเจ่ วันนี้มีโอกาสได้ผ่านมาก็เลยแวะดูสักหน่อยว่าจะอร่อยสมคำร่ำลือหรือไม่ พอมาถึงร้านก็เป็นร้านเล็กๆ ไม่ใหญ่โต แต่โต๊ะเต็มทุกโต๊ะ ต้องยืนรอโต๊ะว่างประมาณเกือบ 5,6,อาหารรสชาติกาแฟกินดีอร่อยน้ำสั่งปั่นราคา,0.997139155864716
113,อาหารอร่อย หลากหลายเมนู ส้มตำอร่อย มีความเผ็ดหลายดีกรีให้เลือกตามความชอบ เส้นมะละกอก็กรอบกำลังดี  ไก่ย่างใช้ไก่รุ่นตัวไม่ใหญ่ คลุกเครื่องย่างกำลังดี ไม่มันปอเปี๊ยะณวนก็อร่อยไม่เลี่ยน และ ยังมีอีกหลายเ,3,จานรสชาติอร่อยอาหารทานเมนูสั่งดีบาทปลา,0.615609467029572
114,เป็นสาขาที่ทานบ่อยมาก เพราะสาขานี้จะปิดเที่ยงคืนและอยู่ไม่ไกลเท่าไหร่ ดึกๆสี่ทุ่ม ห้าทุ่ม อยากกินของหวานก็นึกถึงร้านนี้ตลอด คนเยอะไม่แพ้สาขาอื่นเลยค่ะ ร้านมี3โซน ข้างนอก1 ข้างใน2 โซนข้างในแอร์เย็นมากค,5,ทานอร่อยรสชาติสาขาบาทเมนูสั่งอาหารดีกิน,0.987908482551575
115,"ทานกาแฟแก้ง่วงในยามบ่าย ที่ร้าน lord of coffee ภายในหมู่บ้านสัมมากร ถนนรามคำแหง ที่จึ้นชื่อว่ามีร้านอาหารบรรยากาศดีๆ ริมสระน้ำอยู่หลายร้าน

ร้านนี้บรรยากาศร่มรื่นมากครับมีมุมให้นั่งได้สบายๆ พร้อมเคร",8,กาแฟอร่อยอาหารชอบดีรสชาติเมนูทานราคาบาท,0.992262423038483
116,"
---------เกริ่นๆ

คือเมาไง เด็กๆอย่าเอาเป็นเยี่ยงอย่างนะจ๊ะ ช่วงนี้ลานเบียร์กำลังอู้ฟู่ เปิดกันเป็นดอกเห็ด อากาศก็เป็นใจเหลือเกินให้ตายสิ
แล้วพอสึมๆได้ที่ ร้านเค้าก็จะเตะเราออก ถูกมะ
พอร้านเตะเร",11,กาแฟรสชาติกกทานพญาไทอร่อยนรสิงห์พระราชวังสะพานนุ่ม,0.998451828956604
117,"ร้านที่สองที่ผมจะมารีวิวในวันนี้ เป็นร้านที่ขายอาหารอีสานประเภทส้มตำและยำ ที่มีคิวยาว และมีลูกค้าเข้าร้านไม่ขาดสายเลย
และร้านส้มตำและยำที่ผมจะมารีวิวในวันนี้คือ

ร้าน อีสานไฮโซ ครับ ^^

ที่ตั้ง :",6,อาหารรสชาติกาแฟกินดีอร่อยน้ำสั่งปั่นราคา,0.997723400592804
118,"สวัสดีเพื่อนๆชาววงใน ในวันจันทร์ที่ 16 ก.ค. นะครับ สำหรับอาทิตย์นี้ทั้งอาทิตย์ นายลักกี้จะรีวิวร้านของกินที่หัวหินเกือบทั้งสัปดาห์เลย
โดยร้านแรกที่นายลักกี้จะมารีวิวนี้ เป็นร้านเครื่องดื่มเก๋ๆ ดีมีกา",0,กินอร่อยราคาบาทนะคะดีเมนูเค้กชอบคน,0.938402950763702
119,"กาแฟของ Art of Coffee อาจจะไม่ถูกใจ
คนที่ชอบทานกาแฟแบบเข้มๆ จิบแล้วตื่น ตาสว่าง
แต่ ( คหสต.) รสชาติกลมกล่อมกลางๆ ทานแล้วพอสดชื่น และอร่อย

ราคาอยู่ประมาณ  30 - 60 บาท

พนักงานต้อนรับและบริการอย่",0,กินอร่อยราคาบาทนะคะดีเมนูเค้กชอบคน,0.991723597049713
120,"ร้านอยู่ติดริมบึง บรรยากาศดูหรูดีครับ เฟอร์นิเจอร์หลากหลาย มี2ชั้นด้วย 
ที่นี่ขายทั้งกาแฟและเค้ก 
กาแฟที่สั่งเป็นคาปูแบบหวานน้อย
ขมมาก กลิ่นกาแฟแรงดี แต่น้ำใสไปหน่อย

ร้านนี้น่านั่งหลังซื้อของเสร",12,กาแฟดีเมนูนั่งรสชาติลองสั่งกินราคาชอบ,0.780166804790497
121,มาเดินโฮมโปร กับหลาน คุณหลานเกิดอยากดื่มชานมหวานๆขึ้นมา ก็เลยต้องแวะร้านนี้ซักหน่อย ร้านอยู่ชั้นสองตรงโซนศูนย์อาหารของโฮมโปร  มีชาหลากหลายชนิด ผมมองแล้วตาลาย เพราะไม่เคยนึกที่จะดื่มพวกชาหวานๆเหล่านี้ ,0,กินอร่อยราคาบาทนะคะดีเมนูเค้กชอบคน,0.34979921579361
122,Tea Story ร้านชานมไข่มุกกิ๊บเก๋ตั้งอยู่กลางห้างดัง The Scene เป็นร้านเล็กๆแต่มีความน่ารักซ่อนอยู่ มีที่นั่งอยู่ประมาณ 3-4 ที่เท่านั้น ส่วนเมนูเครื่องดื่มหลักๆจะเป็นจำพวกชารสต่างๆ แบบโฮมเมดชงกันสดๆก็มี,0,กินอร่อยราคาบาทนะคะดีเมนูเค้กชอบคน,0.997656583786011
123,"สวัสดีเพื่อนๆนักรีวิวร้านอาหาร ชาวWongnai.comทุกคนครับ 
พบกับ Captain Ton พากินพาเที่ยวกันอีกแล้ว 
สามารถติดตามรีวิวต่างๆของผมได้ที่ http://www.facebook.com/CaptainTonEatTravel และ IG ค้นหา Captain_",3,จานรสชาติอร่อยอาหารทานเมนูสั่งดีบาทปลา,0.998908400535584
124,"ร้านไข่กระทะเลิศรสร้านนี้ตั้งอยู่ที่ถนนพระปกเกล้า ใกล้ๆกับกาดประตูเชียงใหม่
การเดินทางจากถนนพระปกเกล้า มุ่งหน้าประตูเชียงใหม่ แล้วให้เลี้ยวซ้ายมาทางคูเมือง 
ตรงเข้าไปประมาณ 500 เมตรค่ะ ร้านไข่กระทะเ",5,ทานอร่อยรสชาติสาขาบาทเมนูสั่งอาหารดีกิน,0.013012974523008
125,รสชาติน้ำยาปลาช่อน แกงไก่ แบบชาวเหนือที่แตกต่างจากภาคกลาง รสชาติไม่จัดจ้านแต่อร่อยสมราคา เพิ่มเติมด้วยเมูข้าวเหนียว ส้มตำ ไก่ย่าง รสชาตินิ่งๆ อย่าลืมสั่งปอเปี๊ยะทอดมาทานเล่นเพราะอร่อย ร้านสะอาด กว้างข,2,ทานอร่อยกาแฟสั่งดีรสชาติกินรสคนชอบ,0.987530410289764
126,ร้านสีขาวดูสะอาดตามากๆ โต๊ะกับเก้าอี้อาจจะยังไม่มากเพราะเป็นร้านเปิดใหม่ กาแฟรสชาติค่อนข้างดี หวานมัน แต่ส่วนตัวคิดว่ากาแฟยังไม่ค่อยหอมเท่าไหร่ มีการเปิดเพลงเบาๆเป็นเพลงอะคูสติกเพราะๆฟังสบายตลอดเวลา โ,2,ทานอร่อยกาแฟสั่งดีรสชาติกินรสคนชอบ,0.758496403694153
127,ร้านนี้เป็นร้านกาแฟที่เห็นแล้วสะดุดตามาก เพราะว่าสีของร้านนี้เนี่ยเจ็บสุดๆ ร้านน่ารัก สีสันสดใส สาวๆที่ชอบถ่ายรูปน่าจะปลื้มกันนะคะ เพราะว่าเค้ามีมุมให้ถ่ายรูปเยอะมากจริงๆ จริงๆเรียกได้ว่าถ่ายได้ทุกมุม,0,กินอร่อยราคาบาทนะคะดีเมนูเค้กชอบคน,0.996365189552307
128,ข้ามน้ำข้ามถิ่นปั่นจักรยานกันมาถึงหัวหินในวันนี้หลังจากที่เสร็จสิ้นก็ได้เดินทางมาตามคำเรียกร้องของผองเพื่อนเพราะอาหารทะเลคู่กันที่ชะอำและก็ต้องเลือกร้านที่อร่อย บรรยากาศบ้านๆ ร้านนี้เลยครับ ตรงเข้าเป้,3,จานรสชาติอร่อยอาหารทานเมนูสั่งดีบาทปลา,0.289398699998856
129,มื้อเที่ยงฝากท้องไว้กับร้านนี้ค่ะ ไม่ไกลจากที่มาทำธุระเท่าไหร่ เปิดเข้าไปก็มีคนทานอยู่หลายโต๊ะ เราสั่งบะหมี่ฮ่องกงเนื้อ ชามละ 85 บาท แต่ชามละ 85 บาทได้อะไรมาบ้าง เส้นบะหมี่ฮ่องกง โอเคใช้ได้ ปริมาณพอปร,2,ทานอร่อยกาแฟสั่งดีรสชาติกินรสคนชอบ,0.605755805969238
130,ตกกลางคืนผมก็อยากหาทานขนมปังและของหวานซักหน่อย....เมื่อขับรถไปทางศรีโสธรตัดใหม่ ผมก็ไปเจอะกับร้าน ขนมปังแม่หมีมีโลโก้ขนมปังหน้าตาจิ้มลิ้มดีแท้และเมื่อเข้าไปด้านในบรรยากาศภายในร้านก็ช่างดูอบอุ่นและดูช่,0,กินอร่อยราคาบาทนะคะดีเมนูเค้กชอบคน,0.061715833842754
131,เป็นร้านที่ตั้งอยุตรงถนนนิมมานเลย เห็นแต่ไกล ร้านใหญ่พอสมควร มี 2 ชั้น แถมชั้นใต้ดินอีก 1 ชั้น เค้กมีให้เลือกหลากหลายมากตามสไตล์มองบลัง สีสันแสบ สดใส อยู่แล้ว แถมมีโปร ชานมไข่มุก ราคาแก้วละ 30 กว่าบาท,7,ชาไข่มุกนมรสชาติหวานแก้วบาททานเลือกเครื่องดื่ม,0.988286375999451
132,"เครปพันชั้น! ไปมาหลายหนแล้ว แต่ไม่เคยรีวิว
จัดสักหน่อยละกัน ^+++^

จากชื่อร้านเมนูเด่นแน่นอนว่าต้องเป็นเครปเค้ก แต่สำหรับเราเฉยๆ อะ ชอบของครัวดอกไม้ขาวมากกว่า เมนูอื่นที่ชอบคือเค้กหมากรุก Strawberr",8,กาแฟอร่อยอาหารชอบดีรสชาติเมนูทานราคาบาท,0.99415534734726
133,"เล่าตอนที่ไปถึงร้าน
ร้าน นมโจ 100% เป็นร้านขายนมสดและขนมปังปิ้งรสชาติต่างๆ ที่เปิดอยู่ปากซอยแพร่งนภา ที่จะขายในเวลาตอนกลางคืน ทำให้ทุกคืน จะเห็นคนมาล้อมซื้อและนั่งกินกันแน่นร้านทุกวัน
ตอนที่ไปถึงร้า",6,อาหารรสชาติกาแฟกินดีอร่อยน้ำสั่งปั่นราคา,0.769458711147308
134,"ของหวานฝรั่งเศสสไตล์ญี่ปุ่น เป็นอาหารที่ถูกจับตามาในระยะหลัง ในเมืองไทยเองก็มีอยู่หลากหลายร้านที่มีการผสมผสานความเป็นญี่ปุ่น ลงไปในอาหารและเครื่องดื่ม

แต่! ถ้าอยากรู้ว่ารสชาดของของหวานแบบที่ขายอยู่",2,ทานอร่อยกาแฟสั่งดีรสชาติกินรสคนชอบ,0.999006807804108
135,ร้านนี้อยูในซอยตรงข้ามไปรษณีย์กลาง เข้ามากินทดลองความขลัง ความเก่าแก่ของร้านนี้ สั่งก๋วยเตี๋ยวเป็ด ได้เนื้อเป็ดสับมาทั้งกระดูก 1 ชิ้น ก๋วยเตี๋ยวน่องไก่ ได้ไก่ชิ้นใหญ่กว่า เป็ดพอได้ แต่เสียน้ำซุปไม่อร่,1,เป็ดโต๊ะกาแฟบาทฟี่ริร้อยคอโอเจลลี่,0.08102872222662
136,"สวัสดีค่ะ ไม่รีรอเครื่องกำลังร้อน ว้าวววว !! งั้นไปต่อที่ ร้าน Japan I Larb you เลยค่ะ ร้านนี้ไปชิมกับเพื่อนมาค่ะ ร้านนี้เป็นการผสมผสานอาหารแนวใหม่ระหว่างญี่ปุ่นกับไทยอีสานได้อย่างลงตัว 

บรรยากาศร้",3,จานรสชาติอร่อยอาหารทานเมนูสั่งดีบาทปลา,0.997741281986237
137,อยากจะบอกไปตามตรงเลยว่า ร้านนี้แหล่ะร้านชานมไข่มุกเจ้าอร่อยในดวงใจเลยล่ะค่ะ ชอบที่เราสามารถเลือกระดับความหวานได้ว่าจะเอาหวานมากหรือหวานกลาง หวานน้อย ชานมหอม มัน อร่อยมากๆ ยิ่งทานคู่กับไข่มุกที่นุ่มเหน,5,ทานอร่อยรสชาติสาขาบาทเมนูสั่งอาหารดีกิน,0.429783403873444
138,"เป็นคำถามยอดฮิต เวลาไปไหนคือ กินอะไรดี แล้วยิ่งถ้าไป ตจว. ยิ่งเป็นคำถามที่ตอบยากมาก เพราะเราไม่รู้ว่าตรงไหนอร่อย บางทีร้านอร่อยก็อยู่โคตรไกล 

ร้านข้าวแกงทองพันชั่ง เป็นร้านข้าวแกงในปั้ม ปตท. จำง่าย",11,กาแฟรสชาติกกทานพญาไทอร่อยนรสิงห์พระราชวังสะพานนุ่ม,0.995823621749878
139,"เราชอบแวะไปซื้ออาหารแช่เเข็งที่ร้านCP แถวซอยหมู่บ้านกฤษณาค่ะ(พอดีมันใกล้บ้านที่สุดแล้ว) และเราก็ผ่านร้านกาแฟโชคดีคัพบ่อยมาก วันดีคืนดีเลยลองแวะเข้าร้านดูค่ะ

ร้านนี้เป็นร้านเล็กๆที่ตกแต่งร้านได้น่าน",2,ทานอร่อยกาแฟสั่งดีรสชาติกินรสคนชอบ,0.737671434879303
140,"ร้านนี้เปิดมานานพอควร เพียงแต่อยู่ในทำเลค่อนข้างลึก จากทางถนนศรีสุขลัดไปสนามบินโดยใช้ ซอยพรหมประกาย แต่ย่านนั้นก็มีร้านอาหารอยู่หลายร้านเหมือนกัน
การตกแต่งธรรมดาๆ เก้าอี้ทำจากล้อเกวียนเป็นเอกลักษณ์ เ",3,จานรสชาติอร่อยอาหารทานเมนูสั่งดีบาทปลา,0.995995163917542
141,ผมเคยไปอาศัยอยู่ที่จีนมาพักนึง เลยค่อนข้างจะคุ้นเคยกับรสชาติอาหารแบบจีนแท้ ๆ ร้านนี้เป็นร้านอาหารเสฉวน ตอนเห็นรูปอาหารหน้าร้านนี่แทบจะพุ่งเข้าไปกินเลย เนื่องจากไม่ได้กินอาหารเสฉวนมานานมากแล้ว และร้านน,2,ทานอร่อยกาแฟสั่งดีรสชาติกินรสคนชอบ,0.997494280338287
142,เห็นว่าใกล้ทึ่ทำงาน เลยลองดูค่ะ ครั้งแรก ลองมื้อเย็น จะสั่งอะไรก็บอกหมด ไม่มี พนักงานบอกว่าไม่่ค่อยมีแขกเลยไม่มีของ อ้าววว ด้วยความหิว เลยถามว่ามีอะไร เขาแนะนำมา2-3 อย่าง ก็เลือก เป็น sirloin steak(ไม,2,ทานอร่อยกาแฟสั่งดีรสชาติกินรสคนชอบ,0.99718701839447
143,"ร้านเค้ก กาแฟ และอาหารที่น่านั่งอีกร้านหนึ่งตั้งอยู่บริเวณเทศบาลเมืองศรีราชา อารมณ์ประมาณว่าตั้งอยู่บนเนินเตี้ยๆ ตัวร้านด้านในเป็นกระจกใสๆ รอบมองเห็นบรรยากาศด้านนอก ที่มีโต๊ะนั่งรับลมเย็นๆ 

วันนี้ผ",2,ทานอร่อยกาแฟสั่งดีรสชาติกินรสคนชอบ,0.996736943721771
144,"วันที่ไปทานเป็น Brunch set ค่ะ ราคาก็ต่างกันตั้งแต่ 190-400 กว่าบาท
โดยในเซตจะมีของทานเล่น เครื่องดื่ม และไอศกรีมให้ด้วย(คุ้มมากๆ)

สั่ง pork fillet brunch set ไปค่ะ รวม vat+ser แล้ว 421 บาท

*ใน",0,กินอร่อยราคาบาทนะคะดีเมนูเค้กชอบคน,0.995748043060303
145,"แวะมาทานอาหาร โดยทางร้านมีให้เลือกทั้ง
- อาหารอีสานทั่วไป (ส้มตำ ลาบ ...)
- โคขุน
- อาหารตามสั่งและเมนูตามร้านเหล้า (เช่น ยำทั้งหลาย ไส้กรอก)

เคยมาทานพนักงานดูแลดีมาก แต่คราวนี้เหมือนจะอึนๆกันอย",6,อาหารรสชาติกาแฟกินดีอร่อยน้ำสั่งปั่นราคา,0.985227108001709
146,"ข้อมูลที่ลงรีวิวเป็นความเห็นส่วนตัวที่ได้พบเจอมานะคะ 
ที่ตั้ง + ลักษณะร้าน :
ร้านเป็นห้องขนาดเล็กๆ 1 ห้อง ร้านอยู่ที่ซอยสุขุมวิท 101/1 
เดินเข้าซอยมาอยู่ตรงวินมอเตอร์ไซค์พอดี  อยู่ข้างร้านสดชื่น ชา",2,ทานอร่อยกาแฟสั่งดีรสชาติกินรสคนชอบ,0.774762332439423
147,มาแบบงงๆ หายากนิดนึง แต่ถ้าหาเจอแล้วไม่ผิดหวังเลยคะ ที่นี่นอกจากจะเป็นร้านกาแฟและร้านอาหารสไตล์อิตาเลียนแล้ว รู้สึกว่าจะเปิดสอนทำอาหารด้วย ซึ่งอาหารอร่อยยมากคะ แนะนำคาร์โบนาล่า เลย เข้มข้นสุดๆ เค้กก็อ,8,กาแฟอร่อยอาหารชอบดีรสชาติเมนูทานราคาบาท,0.984958648681641
148,"ร้านไอศครีมน่ารักๆ เหมาะกับพาครอบครัวมานั่งทานอาหารว่างกันตอนบ่ายๆหรือตอนค่ำๆก่อนกลับบ้านมากๆ
วิธีไป จำง่ายๆเข้าซอย Chic Republic วิ่งเข้าไปซัก 500 เมตรอยู่ฝั่งขวา อยู่ตรงข้าม 13 เหรียญเลย

ไอศครีม",2,ทานอร่อยกาแฟสั่งดีรสชาติกินรสคนชอบ,0.798324465751648
149,"จอดรถริมถนนหน้าร้าน ไม่ต้องกังวลที่เหลือเฟือเพราะเป็นถนนซอย 

อาหารจานเด่นจะเป็นสปาเกตตี ลองมาหลายจานก็อร่อยทั้นั้น เส้น al dante พอดี รสเข้มข้น คาโบนารา ผัดพริกกระเทียม อร่อยหมด ข้าวจานเดียวก็ใช้ได",0,กินอร่อยราคาบาทนะคะดีเมนูเค้กชอบคน,0.242779657244682
150,"เป็นร้านแรกที่รู้จักว่ามีเครื่องดื่มนี้ด้วย

ชาเขียวร็อคซอลท์ชีส Green tea rock salt cheese ⭐⭐⭐⭐1/2

เคยทานเมนูอื่นก็ไม่ถูกใจเท่านี้ 

เมนูที่เคยทานเช่น ชานมไข่มุก โกโก้ร็อคซอลท์ชีส 

แต่เมนูน",0,กินอร่อยราคาบาทนะคะดีเมนูเค้กชอบคน,0.992543876171112
151,เขาเล่าว่า ร้านนี้ถือว่าเป็น คาเฟ่ ร้านแรกของประเทศ รัชกาลที่หก ท่านให้เปิด ( ในยุคคนี้ถือว่า เปิดใหม่อีกครั้ง เพราะปิดไปแล้วทีหนึ่ง ) ขนมเค้กเราว่าอร่อยดี และกาแฟราคาไม่แพงเลย - ลาเต้ปั่น 50 บาท แต่เ,9,ทานอาหารเมนูดีอร่อยกาแฟรสชาติราคาชอบรังนก,0.985498249530792
152,"เป็นร้านที่แวะเติมความหวานบ่อยมาก
>>Location
ร้านตั้งอยู่ภายในบริเวณทางด่วนตรงด่านพระรามเก้าขาเข้ากรุงเทพฯ (ด่าน 25 บาท) มีร้านซาลาเปาวราภรณ์อยู่ข้างๆกัน

>>ด้านใน
ร้านจะแนวกระทัดรัดเพราะลูกค้าก็",5,ทานอร่อยรสชาติสาขาบาทเมนูสั่งอาหารดีกิน,0.99518495798111
153,"เรื่องขนม ไม่ค่อยสันทัด ดังนั้นขอreviewเฉพาะเรื่องกาแฟร้อนครับ 
1. Tampแน่นมากเกินไป โถมย้ำๆไปทั้งตัว2-3รอบ มันมีผลต่อช๊อตกาแฟนะครับ
2. พอtampแน่นมาก ซ๊อตก็เลยน้อยไป พี่เล่นรองน้ำร้อนมาเทเติมไปดื้อๆ",6,อาหารรสชาติกาแฟกินดีอร่อยน้ำสั่งปั่นราคา,0.993201971054077
154,"สาขานี้พนักงานเยอะครับ แต่ไม่ค่อยจะเห็นเวลาลูกค้าเรียกเท่าไหร่ ยกมื้อค้างตั้งนาน กว่าจะมีคนสนใจ
แต่ก็ไปทานช่วงที่คนเยอะ ก็ต้องเข้าใจเค้าบ้างอ่ะเนอะ

เมนูที่สั่งไป ชุดหมูชุบเกล็ดขนมปัง  
ชิ้นหมูไม่",3,จานรสชาติอร่อยอาหารทานเมนูสั่งดีบาทปลา,0.996234774589539
155,"ร้านอาหารญี่ปุ่นร้านนี้ ใจจริงไม่อยากแนะนำเลยค่ะ อยากเก็บไว้เป็นความลับคนเดียว เพราะไม่อยากให้คนมาแย่งกินเลย ร้านนี้ดิชั้นยกให้เป็น ""Best value Japanese set lunch in Thonglor"" รู้จักมาได้เพราะจับได้ว่",2,ทานอร่อยกาแฟสั่งดีรสชาติกินรสคนชอบ,0.061227552592754
156,"ทุกเช้าของวันเสาร์เราจะต้องไปซื้อ กาแฟ สตาร์บัคส์ เป็นประจำก่อนไปทำงานเค้าเปิดเช้าเลยได้มีโอกาส  :)
แต่ถ้าวันธรรมดาจะแวะไม่ได้เพราะตรงแถว มเหสักข์ สาทร รถติดอ่ะ เลยอดกินเยยย

วันนี้ก็สั่งแบบเดิมๆ ท",6,อาหารรสชาติกาแฟกินดีอร่อยน้ำสั่งปั่นราคา,0.993318557739258
157,"หากพูดถึงร้านนี้ ทุกคนอาจจะนึกถึงแต่กาแฟ/เครื่องดื่มต่างๆเพียงอย่างเดียว แต่อันที่จริงร้านนี้เขาก็ขายอาหารและอร่อยอีกด้วยนะคะเนี่ยยยยย. >\\< 

นอกจากกาแฟหอมๆ เครื่องดื่มหวานๆแล้ว อาหารที่นี่อร่อยเหา",8,กาแฟอร่อยอาหารชอบดีรสชาติเมนูทานราคาบาท,0.995124459266663
158,บรรยากาศร้านกาแฟที่เก๋มาก ตกแต่งสไตล์แขกๆๆ เข้าไปภายในร้านเหมือนมีมนต์ขลัง ร้านมีเอกลักษณ์มาก รดชาดเครื่องดื่ม และขนมอร่อยใช้ได้ ใครที่นับถืิอพระพิฆเนศที่นี่มีให้มาสักการะบูชาด้วยนะคะ ยังไงลองไปกันได้,5,ทานอร่อยรสชาติสาขาบาทเมนูสั่งอาหารดีกิน,0.99030077457428
159,ร้านนี้ไปมาหลายรอบแล้ว ยังอร่อยเหมือนเดิมค่ะ มีทั้ง A la carte และแบบ buffet มีเมนูเยอะมากๆ ค่ะ ซาชิมิแซลม่อนหนามาก พนักงานบริการโอเคค่ะ มีเจ้าของร้านคอยเสิร์ฟด้วยบางที ชานมไข่มุกที่นี้อร่อยค่ะ แนะนำเ,3,จานรสชาติอร่อยอาหารทานเมนูสั่งดีบาทปลา,0.497045397758484
160,ร้าน mango tree silom เป็นร้านอาหารไทย ในเครือของ โคคาสุกี้ มีที่จอดรถสะดวกสบาย ที่ร้านบ้านเก่ามาปรับเป็นร้านอาหาร ตกแต่งร้านด้วยอุปกรณ์ถ่ายรูปสมัยโบราณ และ รูปถ่ายบ้านในอดีต ที่ลุกที่นั่งกว้างขวางสะด,3,จานรสชาติอร่อยอาหารทานเมนูสั่งดีบาทปลา,0.998260736465454
161,"ร้านกาแฟบ้านบางอ้อ เป็นร้านกาแฟที่ดูสบายๆ
หาร้านไม่ยาก เพราะอยู่ติดถนนเลยค่ะ

บรรยากาศมีหลายโซนในร้าน ให้ความรู้สึกเหมืิอนนั่งเล่นในสวนบ้างเพื่อน สวนโล่งๆด้านหลัง หรือ สวนเล็กมีชิงช้าด้านหน้า หรือจ",0,กินอร่อยราคาบาทนะคะดีเมนูเค้กชอบคน,0.889622092247009
162,ใครที่เคยแวะเวียนไปแถวซอยอารียสัมพันธ์คงจะรู้กันดีว่า เป็นย่านที่มีหน่วยงานราชการค่อนข้างมากทำให้แถวนี้มีร้านอาหารรวมถึงร้านกาแฟเปิดเรียงรายให้เลือกอิ่มได้แทบไม่ซ้ำร้าน แต่ถ้าเลี้ยวมาตรงกรมประชาสัมพัน,0,กินอร่อยราคาบาทนะคะดีเมนูเค้กชอบคน,0.159565329551697
163,"หลังจากไปเที่ยวปีใหม่กลับมา คุณชายร่ำร้องอยากกินแหนมเนืองมานานเเล้ววันนี้ว่างๆเลยได้โอกาสเปิดหารีวิวจากในแอ๊พwongnai จนตามมาเจอร้าน ""พรแหนมเนือง"" โห๊ะๆๆ ไม่ไกลบ้านด้วยย.... เเว๊นมาให้เร็วเลย 

.....",5,ทานอร่อยรสชาติสาขาบาทเมนูสั่งอาหารดีกิน,0.99763011932373
164,ในโครงการ pure place ราชพฤกษ์ มีร้านอาหารอยู่ไม่กี่ร้าน นอกนั้นเป็นร้านกาแฟ มาค้นพบร้านนี้ก็เพราะอยากคุมน้ำหนัก แนะนำสลัดผักย่างค่ะ เพราะเค้าใช้น้ำสลัดงาแบบญี่ปุ่น สามารถเลือก topping ได้เช่น ไข่ เบคอ,3,จานรสชาติอร่อยอาหารทานเมนูสั่งดีบาทปลา,0.992347657680512
165,ร้านกาแผนรสิงห์ ณ วังพญาไท กับบรรยากาศคลาสสิค ในสไตล์ยุโรป ณ พระที่นั่งพิมานจักรี  ตัวอาคารก่อด้วยอิฐสวยงาม มี2 ชั้น เก้าฮี้และโต๊ะ ตกแต่งอย่างมีสไตล์มากๆๆ  ราคาของกาแฟจะตกอยู่ที่ประมาณ 45-55 บาท เมนู,6,อาหารรสชาติกาแฟกินดีอร่อยน้ำสั่งปั่นราคา,0.905628800392151
166,"ร้านนี้เป็นแหล่งรวมเครื่องดื่มนานาชนิดทั้งนม ชา 

 กาแฟ น้ำผลไม้ปั่น แล้วทุกเมนูสามารถเพิ่ม

ออปชั่นเป็นเม็ดไข่มุกได้ด้วย ไข่มุกของที่นี่จะกรึบๆ 

แต่ก็มีความนุ่ม ไม่เหนียว เคี้ยวกำลังสนุกเลยค่ะ",2,ทานอร่อยกาแฟสั่งดีรสชาติกินรสคนชอบ,0.686834454536438
167,มีโอกาสได้ไปสวนผึ้งก็หลายครั้ง เพิ่งเคยได้ไป ลองลิ้มชิมรส ที่นี่เป็นครั้งแรก ทำให้รู้สึกว่าครั้งหน้าต้องแวะอีกสักรอบ เพราะติดใจฝีมือรสอาหารของชาวราชบุรีซะแล้ว ครัวม่อนไข่ไม่ได้ขายก๋วยเตี๋ยวไข่นะคะ เค้,6,อาหารรสชาติกาแฟกินดีอร่อยน้ำสั่งปั่นราคา,0.995822131633758
168,"ร้านนี้หาไม่ยาก ถ้ามาจากแมคโครจะอยู่ตรงหัวมุมสี่แยกกกส้มโฮงพอดี
เจ้าของร้านเป็นวิศวกรหรือสถาปนิกไม่แน่ใจ แต่บริหารพื้นที่จำกัดได้ดี และเก๋ๆในบริเวณนั้น
เมนูแรกที่ปลาเผาสูตรสิงห์บุรี
ที่น้ำจิ้มสามแบ",2,ทานอร่อยกาแฟสั่งดีรสชาติกินรสคนชอบ,0.8302001953125
169,"ร้านนี้อยู่ชั้นG ของพารากอน อยู่ติดกับสเวนเซ่นต์เลย เยื้องๆกับโอปองแปง นั่งทานโอปองแปงอยู่ เหลือบเห็นร้านนี้ เลยลองซะหน่อย 

ถ้วนมี3ไซต์ให้เลือก ถ้าใครใช้ระบบดีแทค มีส่วนลดให้ด้วยค่ะ แต่บางทีก็ได้ส่",2,ทานอร่อยกาแฟสั่งดีรสชาติกินรสคนชอบ,0.962343096733093
170,"ร้านน่ารักมากคะ สะอาด มีการดูแลน้องแมวอย่างดี และมีกฏเคร่งครัดสำหรับลูกค้าในการเล่นกับน้องแมว
บอกก่อนเลยว่าไม่ใช่Cat Loverคะ แต่เพื่อนสาวคลั่งแมวมากก เลยลองไปกันซะหน่อย

ร้านตกแต่งน่ารักคะ มีทั้งโซ",0,กินอร่อยราคาบาทนะคะดีเมนูเค้กชอบคน,0.996141374111176
171,ร้านเป็ดย่างเก่าแก่ของตลาดร้อยปี เนื้อเป็ดนุ่มหนังก็พอกรอบบ้างนะ คนซื้อกันเยอะ หรอยนะ แต่น้ำจิ้มเป็ดมันยังไม่ค่อยโดนเท่าไหร่ ถ้าน้ำจิ้มหรอยกว่านี้คงสวดยอด ที่ร้านไม่มีข้าวขายนะซื้อกลับบ้านอย่างเดียวใน,1,เป็ดโต๊ะกาแฟบาทฟี่ริร้อยคอโอเจลลี่,0.251867949962616
172,ร้านนี้มากินตามดีลเวปดีลชื่อดังค่ะ (ราคาดีล 198฿ จากราคาเต็ม 399฿)ร้านอยู่ที่พาวิลเลี่ยนประตูน้ำ เป็นตึกขายเสื้อผ้าตึกใหม่แถวประตูน้ำแต่ไม่ได้อยู่ติดกับแพลตตินั่มนะคะ อยู่เส้นที่ตรงจากอนุสาวรีย์ไปCTW ,0,กินอร่อยราคาบาทนะคะดีเมนูเค้กชอบคน,0.323342829942703
173,"จะว่าไปผมก็ไม่ได้ทานชาไข่มุกมานานเหมือนกันครับ จนมาครั้งนี้แฟนผมซึ้งชอบทานชาไข่มุกมาก มาลองทานชาของร้าน Cha Cha Cha ผมจึงได้ลองไปด้วยครับ

ร้าน Cha Cha Cha สาขา Silom Complex อยู่ในโซนร้านอาหารชั้นใ",5,ทานอร่อยรสชาติสาขาบาทเมนูสั่งอาหารดีกิน,0.682783722877502
174,"     พอดีแวะมาจากโรงพยาบาลสงฆ์ นึกขึ้นได้ว่าอยากลองมานานเลยต้องไปแวะซะหน่อย
  การเดินทางก็เข้ามาท่ีโรงพยาบาลพระมงกุฎ แล้วจะมีป้ายบอกทางไปวังพญาไท น่ันแหละครับ
บรรยากาศ ยังคงความเก่าไว้มาก น่ังชิลๆ
",13,อร่อยทอดดีผักรสชาติอาหารกุ้งเมนูทานขนมปัง,0.991917788982391
175,"ลักษณะร้าน : เป็นร้านนม ที่ขายในช่วงเวลาเย็นๆถึงค่ำๆในซอย 101/1 และเป็นร้านที่ได้รับความนิยมมากๆ ในตอนค่ำๆมักจะเห็นวัยรุ่น วัยทำงานมานั่งกินกันเสมอๆ

เล่าตอนที่ไปถึงร้าน : ตอนไปถึงร้านเป็นเวลา 4 ทุ่",6,อาหารรสชาติกาแฟกินดีอร่อยน้ำสั่งปั่นราคา,0.990255534648895
176,"เมื่อวานไปเดิน Terminal 21 ค่ะ อยากลองอะไรใหม่ๆ และเราก็เดินผ่านร้านชาน่ารัก เห็นแล้วเตะตา เลยเข้าไปสอยมาคนละถ้วย 

ซิมลอง Almond Milk Tea with Pearl (50) กลิ่นทะแม่งๆ ตัวไข่มุก ลูกใหญ่ เต็มคำดีค่ะ ",7,ชาไข่มุกนมรสชาติหวานแก้วบาททานเลือกเครื่องดื่ม,0.077127404510975
177,ร้านแบบสไตล์ย้อนยุคไทยๆโบราณ โทนสีเขียว ไฟสลัวๆ เป็นร้านก๋วยเตี๋ยวหมูน้ำตกสมุนไพรหม้อไฟ  ซุปหอมดีค่ะ ให้เนื้อหมู ตับเยอะดี มีลูกชิ้นประมาณ 3 ลูก ราคา 125 บาท ข้าวจ่ายต่างหาก 20 บาท เมนูพวกข้าวมีนิดหน่,8,กาแฟอร่อยอาหารชอบดีรสชาติเมนูทานราคาบาท,0.9956756234169
178,แวะกินกาแฟอเมซอน ปั้ม ปตท.เกื้อสกุล จิบพอกระหายกับเมนู โกโก้ร้อน คาปูชิโนร้อน ตามด้วยชาร้อนๆ  พนักงานน่ารักเป็นกันเอง โซฟาน่านั่ง เป็นส่วนตัวพร้อมฟังเพลงเบาๆ เมื่อตากแอร์คลายร้อนเราก็เริ่มเดินทางกันต่,5,ทานอร่อยรสชาติสาขาบาทเมนูสั่งอาหารดีกิน,0.715656101703644
179,"มาต่อกันที่ร้านอาหารอีสานกันนะคะ กับที่รี่ค่ะ ร้านครัวบ้านนอก ร้านนี้เป็นร้านอาหารอีสานในย่านบางพลีใหญ่ที่ทำให้เรารู้สึกว่าสุดยอดมากๆค่ะ!

ร้านนี้เป็นร้านใหญ่ค่ะ แถมยังมีร้านกาแฟตั้งอยู่ด้านหน้าด้วย",8,กาแฟอร่อยอาหารชอบดีรสชาติเมนูทานราคาบาท,0.992103695869446
180,เด่นสุดของร้านคงเป็น  ชุดโต๊ะเก้าอี้ สีสันเด่นมากกก free wifi ด้วย อาหารอย่าง สปาเก็ตตี้คาโบนารา อร่อยมากรสโฮมเมดสุด ผักโขมอบชีสก็อร่อย ปีกไก่คั่วเกลือ นี้สุดยอดแล้วจริงๆ ขนมอย่าง Brownie ก็อร่อย นุ่ม,3,จานรสชาติอร่อยอาหารทานเมนูสั่งดีบาทปลา,0.295992970466614
181,"เป็นร้านสุดโปรด เพิ่งเปลี่ยนชื่อจาก The Third Floor เป็น Vista Kitchen อาคารรีรสุอยู่ระหว่าง รร.พลาซ่าแอทธินีและตึกออลซีซันส์

ร้านอาหารตามกรุ๊ปเลือดนี้มีเมนูให้เลือกหลากหลาย น่ากินทุกอย่าง เขาจะปรั",9,ทานอาหารเมนูดีอร่อยกาแฟรสชาติราคาชอบรังนก,0.995788633823395
182,เปนร้านกาแฟที่มานั่งเล่นแล้วรู้สึกสบายใจจิงๆ แต่งร้านได้ให้อารมเหมือนนั่งในร้านสปา มีเก้าอี้ให้เอนนอนด้วยย เปนร้านกาแฟกลางน้ำ มองเหนดอกบัว เยอะแยะ ทำให้ผ่อนคลายสุดๆ รสชาดเครื่องดื่มและขนมก็อร่อย ลองมา,2,ทานอร่อยกาแฟสั่งดีรสชาติกินรสคนชอบ,0.77485591173172
183,"  วิสต้าคาเฟ่ อยู่ติดกับร้านวีราสุ ที่เน้นขายเครื่องใช้ไฟฟ้า ร้านนี้มองภายนอกดูราคาแพงมว๊าก ก่อนเข้าคิดว่าต้องมีหลักร้อยแน่ๆ 
   ที่นั่งแบ่งเป็นโต๊ะใหญ่ โต๊ะบลว์และโซนหน้าร้าน มีที่เสียบปลั๊กด้วย เผื",0,กินอร่อยราคาบาทนะคะดีเมนูเค้กชอบคน,0.994808435440064
184,"ร้านอาหารพิงงา
เพิ่งเปิดใหม่ อยู่หน้าโรงแรมปามล์อิน
ขายอาหารเช้า ติ่มซำ อาหารพื้นเมือง ข้าวราดแกง ขนมเค้ก กาแฟ ไอศครีมete 

ร้านสวย บรรยากาศดี ราคาไม่แพง พนักงานเยอะ แต่ไม่มีสมุดเมนู ต้องดูเมนูจาก",13,อร่อยทอดดีผักรสชาติอาหารกุ้งเมนูทานขนมปัง,0.99727213382721
185,"ร้านรังนกไทย เจ้าเก่าตลาดอนุสาร สาขา2 
ร้านนี้ไปทานครั้งแรกแปลกใจมากค่ะเพราะร้านเป็นเหมือนรถกระบะ เปิดท้าย มีที่นั่งข้างๆให้ลูกค้านั่ง
เป็นการออกแบบที่นั่งและร้านที่เก๋มากๆค่ะ

ร้านนี้มีเมนูเด็ดต้",9,ทานอาหารเมนูดีอร่อยกาแฟรสชาติราคาชอบรังนก,0.995650470256805
186,อาหารพื้นบ้านและอาหารป่า รสชาติเผ็ดแซ่บเวอร์ แต่สามารถเลือกความเผ็ดได้ (เผ็ดอนุบาล-เผ็ดด๊อกเตอร์) อาหารอร่อยหลายจาน ราคาไม่แพง ร้านอยู่ในซอยลึกไปหน่อยแต่คนเยอะตลอด ร้านตบแต่งด้วยของเก่าที่เจ้าของสะสมม,3,จานรสชาติอร่อยอาหารทานเมนูสั่งดีบาทปลา,0.521879136562347
187,"การสั่งกาแฟ และ เค๊ก ตล้ายๆกับ Starbuck 
คือ ไปสั่งกาแฟ และ ขนม ที่เคาวน์เตอร์
จ่ายเงิน และถือมากินที่โต๊ะเอง

ลองสั่ง คาปูชิโน่ และชีสเค๊ก ไปกิน

คาปูชิโน่ รสชาติไม่มีอะไรโดดเด่น ไม่มีการแต่งฟอ",12,กาแฟดีเมนูนั่งรสชาติลองสั่งกินราคาชอบ,0.993644952774048
188,ร้านแบล็คแคนยอนมีหลายสาขามาก นอกจากกาแฟแล้วยังมีอาหารทั้งไทยและเทศขายด้วยค่ะ รสชาติไม่เลวเลยทีเดียว เมนูแนะนำคือ ข้าวผัดสะบัดช่อค่ะ อร่อยที่สุดที่เคยทานมา ผัดแบบคลุกคลิกเล็กน้อย มีไก่ผัดกับเห็ดฟาง ต้น,9,ทานอาหารเมนูดีอร่อยกาแฟรสชาติราคาชอบรังนก,0.994584143161774
189,ร้าน ไออุ่น ชาไข่มุก มีนํ้าปั่นหลากหลายรสชาติ ให้ลิ้มลอง 7 รสให้เลือก ชามม สตอเบอรี่ มะนาว แคนตาลูป กาแฟ ชาเขียว โกโก้ ชาเนื้อเนี่ยน ไม่ละลายเป็นน้ำ สูตรเฉพาะของทางร้าน เปิดมาตั้งแต่ ปี 2548. Follow u,7,ชาไข่มุกนมรสชาติหวานแก้วบาททานเลือกเครื่องดื่ม,0.132027119398117
190,"Wawa Cha ร้านชานมไข่มุกจากไต้หวันภายใต้การบริหารของ Sukishi ที่เป็นคนซื้อแบรนด์นี้เข้ามาในไทยครับ ร้านนี้เค้ามีสโลแกนว่า ""King of milk tea"" ดังนั้นร้านนี้จึงขึ้นชื่อและขายเครื่องดื่มพวกชานมเป็นหลักครั",7,ชาไข่มุกนมรสชาติหวานแก้วบาททานเลือกเครื่องดื่ม,0.998027145862579
191,สืบเนื่องเมื่ออาทิตย์ที่แล้ววันธรรมดา ผมต้องมีขับไปประชุมช่วงบ่ายกับลูกค้าที่นิคมอุตสาหกรรมอีสเทริ์น ปลวกแดง ระยอง เส้นทางที่รวดเร็ว สะดวกที่สุดก็คงไม่พ้นใช้เส้นมอเตอร์เวย์ ยิงยาวจากพระราม 9 ตรงมาแล้ว,3,จานรสชาติอร่อยอาหารทานเมนูสั่งดีบาทปลา,0.125912100076675
192,"[สถานที่ตั้ง]
The Mall Bangkapi Fl.4 (ตรงข้าม Swensens)
ถนนลาดพร้าว วังทองหลาง บางกะปิ กทม.
เปิดทุกวัน : 11.00-22.00

[ความคิดเห็น]
Fuku Matcha เป็นร้านชานมไข่มุกอีกทั้งยังมีซอฟครีมที่อร่อยมากๆ ",0,กินอร่อยราคาบาทนะคะดีเมนูเค้กชอบคน,0.995842099189758
193,ห้องแอร์ กว้างขวาง สมราคารสชาติเข้มข้น พอดีดื่มเฉพาะ อเมกาโน่ (กาแฟดำ)เครื่องใหญ่ อัดความหอมมาเต็มถ้วยโอเคเลย เมนูอื่นๆก็มีลูกค้ามาสั่งตลอด ขนมจากหลายที่ถูกใจคอกาแฟที่ต้องมีอะไรแกล้ม มีขายเสื้อที่ระลึ,6,อาหารรสชาติกาแฟกินดีอร่อยน้ำสั่งปั่นราคา,0.994683742523193
194,หาที่นั่งพักรอรอบหนัง มองไปมองมาร้านนี้เป็นร้านกาแฟที่น่านั่งมากที่สุดเท่าที่เห็นแล้วค่ะ ร้านนี้ตั้งอยู่บริเวญชั้น 2 ของเมเจอร์เอกมัย มีที่นั่งเยอะพอสมควรเลย โซฟาสบายๆ เปิดไฟสลัวๆ ร้านเน้นสีส้มๆดำๆมี ,8,กาแฟอร่อยอาหารชอบดีรสชาติเมนูทานราคาบาท,0.995575726032257
195,ส้มตำสมุทรปราการ มีร้านอร่อยเด็ด ๆ อยู่หลายร้าน ร้านเด่น ๆ ก็เช่น ส้มตำดนตรีแฟรนไชส์ชื่อดังที่ไม่หวงผงชูรส ร้านส้มตำพระคุณแม่กลางตลาดปากน้ำที่แอนตี้ผงชูรสสุด ๆ แต่อร่อยสุด ๆ เช่นกัน แต่สำหรับเขตบางพลี,3,จานรสชาติอร่อยอาหารทานเมนูสั่งดีบาทปลา,0.998959422111511
196,"เมนูเส้นๆวันนี้ มาจัดก๋วยเตี๋ยวเรืออยุธยากันกับน้องที่ทำงาน ร้านนี้ไม่ได้อยู่ใกล้กับที่ทำงานเท่าไหร่แต่ก็ไม่ไกลต้องขับรถมา พอเที่ยงปุ๊ปออกตัวกันทันที เดี๋ยวจะพากันไม่ทันเข้าบ่ายโมง ฟิ้ววว
  พอมาถึงร้",5,ทานอร่อยรสชาติสาขาบาทเมนูสั่งอาหารดีกิน,0.995463490486145
197,ส้มตำอร่อยนะ ถ้าใครชอบรสจัด ตอนสั่ง สั่งปูปลาร้า กับตำไทยไข่เค็ม เราชอบส้มตำเลยรู้สึกว่าอร่อย แต่แฟนเราบอกว่าเฉยๆ คราวหน้าถ้าได้ไปปายอีกจะไปกิน >_<  รสจัด เส้นมะละกอกรอบ น้ำปลาร้า สุโค่ย หากินรสชาติแบ,2,ทานอร่อยกาแฟสั่งดีรสชาติกินรสคนชอบ,0.613474071025848
198,มาลองร้านนี้เป็นครั้งแรก ภายนอกตกแต่งสไตล์บ้านแบบยุโรป สีฟ้าพาสเทล ภายในตกแต่งสไตล์วินเทจโทนสีขาวสะอาดตา อาหารที่ชิมเป็นเค้ก กับกาแฟเย็น ซึ่งกาแฟอร่อยใช้ได้เลย เค้กก็อร่อยดีแต่ไม่ถึงกับสุด ราคาเค้กค่อ,0,กินอร่อยราคาบาทนะคะดีเมนูเค้กชอบคน,0.989077866077423
199,"เปิดได้ยังไม่ถึงเดือน ตกแต่งร้านสวยดี มีโซนเอ้าท์ดอร์ในสวนน่านั่ง(ถ้าไม่มีฝน) มีโซนห้องแอร์ไว้นั่งสบายๆหลบฝน ชงกาแฟได้ตามมาตราฐาน ร้อน 40 เย็น 50 ปั่น 60
เค้กชาไทยอร่อยดี ไม่หวานเกิน ไม่เลี่ยน
ยังไม",8,กาแฟอร่อยอาหารชอบดีรสชาติเมนูทานราคาบาท,0.991392850875854
200,"ร้านอยู่ Big C สุขาภิบาล 5 ติดร้าน Oriental
Princess กำลังมองหาอะไรหวานๆเย็น ดื่มอยู่
ผ่านหน้าร้าน Ochaya พอดี ไปจัดชานมไข่มุก
ซะ 1 แก้ว ชากลิ่นหอม ไข่มุกร้านนี้อร่อย เคี้ยว
หนึบๆดี ไม่เละเหมือนบา",7,ชาไข่มุกนมรสชาติหวานแก้วบาททานเลือกเครื่องดื่ม,0.988948106765747
201,เช้านี้เกิดอยากทานข้าวแกงใต้ เหมือนทุกอย่างจะเป็นใจ เจอโดยบังเอิญซะงั้น ร้านพี่นันสังเกตุง่ายๆ อยู่ติดกับร้านต้นไม้ มีที่จอดรถกว้างขวาง ใครผ่านมาปากเกร็ดก่อนจะถึงตลาดปากเกร็ด หรือใครมาเที่ยวเกาะเกร็ดก,4,กุ้งชาดแป้งกาแฟน่ารักแมวทานเกร็ดพิมพ์นุ่ม,0.99263858795166
202,"รายละเอียดร้าน ตามรีวิวท่านอื่นๆ เลยนะคะ

รายการอาหารที่สั่งมากิน 10 คนค่ะ
- หมูหัน เสริฟพร้อมแตงกวา ต้นหอม แป้งโรตี น้ำจิ้มหวาน หนังหมูกรอบดีไม่มันมาก ห่อแป้งราดน้ำจิ้มหน่อย อร่อยค่ะ
- ขาห่านอบหม",2,ทานอร่อยกาแฟสั่งดีรสชาติกินรสคนชอบ,0.21013055741787
203,"ซดกาแฟกันไปเรียบร้อยแล้ว ต่อไปมาซดก๋วยเตี๋ยวกันบ้างดีกว่า กับร้านนี้เลยค่ะ ร้านรสดีเด็ด สาขาพาราไดซ์พาร์คค่ะ ตัวร้านจะอยู่ตรงฟู๊ดคอร์ดที่ชั้นล่างสุดของห้างเลย

บรรยากาศร้านไม่มีอะไรเลยค่ะ เพราะเป็นร",8,กาแฟอร่อยอาหารชอบดีรสชาติเมนูทานราคาบาท,0.993340909481049
204,"สวัสดีเพื่อนๆพี่ๆชาวนักชิมแห่ง wongnai.com ทุกท่านครับ 
ผม Captain Ton ขออาสาส่งความสุขให้ทุกท่านกันอีกครั้งครับ 
สามารถติดตามรีวิวต่างๆของผมได้ที่ http://www.facebook.com/CaptainTonEatTravel และ IG",5,ทานอร่อยรสชาติสาขาบาทเมนูสั่งอาหารดีกิน,0.998947322368622
205,ร้านกาแฟในวัง ตั้งแต่สมัย รัชกาลที่ 6 ร้านนี้เคยปิดไปแล้วรอบนึงเพราะความเก่าของสถานที่ แต่ก็ได้รับการซ่อมแซมเรียบร้อย ถึงจะซ่อมแซมแต่ก็ยังคงบรรยากาศแบบคลาสิกสไตล์ยุโรปไว้อย่างเหนียวแน่น นั่งแล้วให้ควา,0,กินอร่อยราคาบาทนะคะดีเมนูเค้กชอบคน,0.990922927856445
206,"ร้านกาแฟร่ำเปิงร้านนี้ตั้งอยู่ไม่ไกลกับวัดร่ำเปิงค่ะ เป็นบ้านไม้หลังใหญ่ สงบและร่มรื่นมากๆเลยค่ะ 
ส่วนของร้านกาแฟจะเป็นลานด้านหน้าตัวบ้านค่ะ มีเปลญวนให้นอนเอนตัวเล่นด้วยค่ะ 
บรรยากาศของร้านเป็นบรรยา",2,ทานอร่อยกาแฟสั่งดีรสชาติกินรสคนชอบ,0.938459277153015
207,เมื่อเราต้องการหาอาหารแถวเมืองพัทยาทานแบบง่ายๆ ไม่เสียเวลานาน และมีอาหารหลากหลายประเภท คงหาร้านแบบนี้ค่อนข้างยาก เพราะบางร้านก็เป็นร้านก่วยเตี่ยวไปเลย หรือไม่ก็ต้องเข้าไปทานแบบจริงจัง วันนี้เลยอยากแนะ,9,ทานอาหารเมนูดีอร่อยกาแฟรสชาติราคาชอบรังนก,0.992113590240478
208,เป็นร้านกาแฟที่มีบรรยากาศคลาสสิคย้อนยุค แต่ให้ความรู้สึกเป็นทางการไปนิดนึง วันนี้มีโอกาสได้ลองสลัดทูน่า(ผักสดกรอบมาก) เครปเค้กชาไทย เค้กมะม่วง มอคค่าปั่น คาลาเมลลาเต้ สตอเบอรี่สมู้ทตี้ ไปกันหลายคนเลยไ,0,กินอร่อยราคาบาทนะคะดีเมนูเค้กชอบคน,0.412496536970139
209,"สวัสดีค่ะ มาต่อร้านกาแฟน่ารักๆ แถวพัทยาต่อเลยค่ะ ร้านนึ้เคยรีวิวมาแล้วรอบนึงค่ะ ติดใจในบรรยากาศและรสชาติ พวกเราก็เลยมาทานกันอีกครั้งค่ะ ไหนๆ ก็มาถึงชลบุรีแล้ว ^^

ร้านกาแฟ Twins bakery & Cuisine อยู",2,ทานอร่อยกาแฟสั่งดีรสชาติกินรสคนชอบ,0.606886804103851
210,"ถ้าอยากกินข้าวห่อไข่จะนึกถึงร้านนี้เป็นร้านแรก
มีเมนูให้เลือกหลากหลายว่าจะเอาข้าวห่อไข่หน้าอะไร ถ้าเอาไข่ลาวาก็จะต้องเพิ่มเงิน 30 บาทถ้าจำไม่ผิดนะ ถ้าอยากได้เซทน้ำก็เพิ่ม50บาท จะมีให้เลือกระหว่างสลัด",0,กินอร่อยราคาบาทนะคะดีเมนูเค้กชอบคน,0.358345806598663
211,"ร้านนี้เป็นร้านขายขนมปังปิ้งแล้วก็น้ำปั่นอยู่หน้าร้านเครื่องเขียนC2 ถ้ามาจากองค์พระ เลี้ยยวซ้ายแยกสนามจันทร์เลยมาอีกหน่อยร้านจะอยู่ทางซ้ายมือ จุดสังเกตุง่ายๆก็คือป้ายร้านC2ที่ใหญ่มากๆ 

ร้านนี้เป็นร",6,อาหารรสชาติกาแฟกินดีอร่อยน้ำสั่งปั่นราคา,0.996731817722321
212,แดดเริ่มร่ม ลมเริ่มตกก็ถึงเพลานั่งจิบชากาแฟตามธรรมเนียมของเหล่าบรรดาผู้ดีอังกฤษ วัฒนธรรมการดื่มชากาแฟนี้ถ่ายทอดมาหลายยุคหลายสมัยไม่เพียงแต่ในแดนตะวันตกอันไกลโพ้น แต่ได้แผ่ขยายความนิยมชมชอบบรรยากาศความ,11,กาแฟรสชาติกกทานพญาไทอร่อยนรสิงห์พระราชวังสะพานนุ่ม,0.997590839862824
213,ชอบมาทานมัฟฟิ่นช็อคโกแล็ต สตอเบอรี่ บูลเบอรี่ ทางร้านจะอุ่นให้ร้อนๆเวลาเสริฟ ลูกๆจะทานคู่กันกับนมร้อนแก้วโต อร่อยและอิ่มมาก และเค็กทีรามิสุมีกลิ่นกาแฟหอมนุ่มรสชาดกำลังดี อาหารอย่างอื่นก็ดูน่าทานมาก ไม,2,ทานอร่อยกาแฟสั่งดีรสชาติกินรสคนชอบ,0.638232529163361
214,"วันนี้นายลักกี้จะมารีวิวร้านอาหารง่ายๆ ที่มีขายทั้งอาหารไทยและอาหารอีสานที่อยู่ใกล้กับถนนสีลมเลย และขายในราคาที่ไม่แพงมากด้วย
และร้านอาหารที่ผมจะมารีวิวในวันนี้คือ

ร้าน Sab Silom (แซ่บสีลม) ครับ ^",6,อาหารรสชาติกาแฟกินดีอร่อยน้ำสั่งปั่นราคา,0.998335242271423
215,สวัสดีค่ะ วันนี้มาร่วมงานปาร์ตี้กับเพจอาซาฮีและมาชมคอนเสิร์ต Room 39 ด้วยค่ะ ก็เลยนัดน้องๆ ในแกงค์มาพร้อมกันประมาณ 5-6 คน ก็มาสนุกสนานกัน ตอนนั้นไม่ค่อยได้เจอกันนานเลยอยากมาเจอกันมากกว่าและแลกเบียร์ที,2,ทานอร่อยกาแฟสั่งดีรสชาติกินรสคนชอบ,0.965927362442017
216,"พอดีมีโอกาสแวะไปหาพี่ชายที่จังหวัดระยอง พี่ชายเลยชวนมาทานข้าวที่ร้านนี้ค่ะ 

ร้านGusto เป็นร้านขายกาแฟ เบเกอรี่ และอาหารจานเดียวที่คิดราคาค่อนข้างถูกแต่คุณภาพใช้ได้ค่ะ เป็นร้านเล็กๆ ตกแต่งประดับร้าน",12,กาแฟดีเมนูนั่งรสชาติลองสั่งกินราคาชอบ,0.996701717376709
217,ร้านเค้ก homemade นุ่มละมุน โดยเฉพาะ mocha choc cake กับ เค้กแครอท เครปเค้ก มีชาให้เลือกหลากหลาย รวมถึงกาแฟ แต่กาแฟอาจจะไม่เข้มข้นสักเท่าไหร่ มีเสริฟทั้งอาหารจานเดียวเช่น สปาเก็ตตี้ ก๋วยเตี๋ยวเนื้อสับ,6,อาหารรสชาติกาแฟกินดีอร่อยน้ำสั่งปั่นราคา,0.985765755176544
218,"ร้านอเมซอนร้านนี้ ตั้งอยู่ภายในปั้ม ปตท.(แต่เดิมเป็นปั้ม Jet)

สถานที่ตั้งร้านแต่เดิมเป็นร้านบ้านไร่กาแฟ ซึ่งตอนนั้นผมเองก็นั้งทานบ่อยครับ อาจจะชอบความเข้มข้นของกาแฟ แต่เสียดายวันนี้บ้านไร่กาแฟ หาทา",2,ทานอร่อยกาแฟสั่งดีรสชาติกินรสคนชอบ,0.997074782848358
219,"ประโยชน์ของน้ำแตงโมปั่น
แตงโม มีมากมายหลายพันธุ์ให้เลือกรับประทาน พันธุ์ที่นิยมกันมาก ก็มีแตงโมจินตหรา แตงโมตอปิโดและแตงโมที่มีเนื้อสีเหลือง หรือแตงโมน้ำผึ้ง ส่วนใครที่ไม่ชอบรับประทานแตงโม เพราะรำคาญ",6,อาหารรสชาติกาแฟกินดีอร่อยน้ำสั่งปั่นราคา,0.99793952703476
220,"เนื่องด้วยวันนี้ไปเดินเล่นมาเดินไปเดินมาก็บ่ายสองเข้าไปแล้ว เดินผ่านชั้น G พอดี เลยแวะเข้าทานอาหารที่ร้าน ZEN 

ไม่ได้เข้ามานานสำหรับร้านอาหารญี่ปุ่น ZEN ร้านนี้เข้าไปในร้าน คนค่อนข้างน้อยแล้ว เพราะ",2,ทานอร่อยกาแฟสั่งดีรสชาติกินรสคนชอบ,0.994715213775635
221,"เว้นว่างในการ รีวิว มาพักนึงแล้ว วันนี้เแาซะหน่อย เริ่มด้วยร้านนี้ก่อนเลย จ่ายัน 2 
บรรยากาศ 4
รสชาติ 4
บริการ 3
ความสะอาด 3
สถานที่จอดรถ 3
สรุกว่า โอเคนะึะ ที่จอดรถไกลไปนิดเดิน เมื่อยเหมือนกัน ",2,ทานอร่อยกาแฟสั่งดีรสชาติกินรสคนชอบ,0.987529695034027
222,เพิ่งสังเกตเห็นว่า toast box แอบมาเปิดร้านที่ central พระราม 2 ข้างๆ Bread Talk ตรงข้าม Pizza Hut ร้านสีขาวซ่อนตัวอยู่ในหลืบ กิ๊บเก๋ดูเป็นผู้ดีอังกฤษ แต่เสิร์ฟชากาแฟแบบจีนเจ๊ก ถือเป็นวัฒนธรรมร้านโกปี๊,2,ทานอร่อยกาแฟสั่งดีรสชาติกินรสคนชอบ,0.300790905952454
223,ร้านคาเฟ่ชิวๆร้านนี้ตั้งอยู่ที่ชั้น 1 ห้างมาบุญครองค่ะ มีเมนูกาแฟให้เลือกดื่มเยอะเลยค่ะ แบบมาตราฐานตามร้านกาแฟ กาแฟที่นี่จะเสริฟพร้อมช๊อคโกแล๊ตเล็กๆของร้านค่ะ กาแฟก็ใช้ได้ค่ะ ไม่ถึงกับอร่อยมากมาย สำหร,8,กาแฟอร่อยอาหารชอบดีรสชาติเมนูทานราคาบาท,0.988892018795013
224,"วันนี้ไปทำบุญกับที่บ้าน อิ่มบุญกันไป 
หลังจากนั้น ก็หาอะไรให้อิ่มท้องกันดีกว่า :9


แถวนี้บรรยากาศดี ~
ร้านอาหารแถวนี้ติดริมน้ำอยู่หลายร้าน
ร้านนี้ ญาติจองเอาไว้ เพราะมีหลายคนรีวิวไว้ว่าอาหารอร่",2,ทานอร่อยกาแฟสั่งดีรสชาติกินรสคนชอบ,0.241120859980583
225,"เบเกอร์รี่อร่อยดี มีให้เลือกหลากหลาย ไอติมมีหลายรส อร่อยมาก
เครื่องดื่มเป็นพวกชา/กาแฟอะไรทั่วๆไปอ่ะ อร่อยดี
ของคาวเคยกินแต่มาม่า อร่อยและน่ากินมาก
ชอบที่สุดคือบรรยากาศร้าน โต๊ะวางห่างๆไม่ชิดกันมาก ",8,กาแฟอร่อยอาหารชอบดีรสชาติเมนูทานราคาบาท,0.992564141750336
226,"ร้านตั้งอยู่ชั้นล่าง ของโลตัส ศาลายา
อยู่เยื้องๆ ม. มหิดล ถนน บรมราชชนนี
หาง่ายครับ

คุณภาพ มาตรฐาน
นอกจากกาแฟอร่อยแล้ว 
โกโก้ เขาแถมนมข้น และ ขนมปังด้วย
ยังมีอาหารหลากหลายชนิด แก้หิวอีก

วัน",3,จานรสชาติอร่อยอาหารทานเมนูสั่งดีบาทปลา,0.99374121427536
227,"ถ้าพูดถึงกาแฟ ร้าน Black Canyon คงเป็นร้านแรกๆที่คุณนึกถึงใช่ไหมล่ะ แต่วันนี้เราจะไม่แนะนำเรื่องกาแฟหรอกค่ะ วันนี้เมนูที่เรายินดีนำเสนออย่างยิ่งคือเมนูอาหารค่ะ

วันนี้เราจะพาพวกคุณมาที่ร้าน Black Ca",12,กาแฟดีเมนูนั่งรสชาติลองสั่งกินราคาชอบ,0.997245788574219
228,"ข้อมูลที่ลงรีวิวเป็นความเห็นส่วนตัวที่ได้พบเจอมานะคะ 
ลักษณะร้าน :
อยู่ชั้น 1 ใกล้ลิฟท์แก้ว ร้านใหญ่พอสมควร รองรับลูกค้าได้เยอะใช้ได้เลยค่ะ
ตกแต่งโทนสีแดงสดใส เน้นกระจกรอบด้านทำให้ร้านดูไม่อึดอัดด้",1,เป็ดโต๊ะกาแฟบาทฟี่ริร้อยคอโอเจลลี่,0.976887047290802
229,ร้านกาแฟร้านนี้จะเป็นสไตล์อาร์ตๆศิลปิน อาจจะเป็นเพราะเจ้าของร้านที่มีสไตล์เป็นของตัวเอง ที่นั่งเล็กๆร้านเล็กถึงเล็กมากเลยค่ะ โดยเน้นเซลฟเซอร์วิส ทานเสร็จแล้วต้องยกแก้วไปเก็บให้ด้วย ขนมไม่มีให้เลือกคะว,9,ทานอาหารเมนูดีอร่อยกาแฟรสชาติราคาชอบรังนก,0.989081919193268
230,"บรรยากาศสงบ ชิวๆ เห็นวิวทะเลด้วยครับ พนักงานยิ้มแย้มเป็นกันเองมากๆ
คนไม่พลุกพล่าน ผมเพิ่งเคยทานแกงส้มปลาใบกะเพราเป็นครั้งแรกที่นี่ แนะนำเลยครับ
รสชาติเข้มข้น ไม่เผ็ดเกิน (แต่ต้องบอกเค้าว่าเผ็ดกลางนะ",0,กินอร่อยราคาบาทนะคะดีเมนูเค้กชอบคน,0.797263324260712
231,กาแฟอร่อยยมากกกกก กินแล้วรู้สึกดี ซื้อกินเกือบทุกวัน. ชอบ คาราเมล มัคคีอาโต้ อันนี้จะรสชาติไม่หวานและไม่มันมาก คนไม่ชอบหวานให้ทานตัวนี้ อีกเมนูแนะนำเป็น yes nice อันนี้จะเข้มๆข้นๆ และหวานมันกว่าคาราเม,9,ทานอาหารเมนูดีอร่อยกาแฟรสชาติราคาชอบรังนก,0.993308007717133
232,"ถ้านึกถึงเมนูที่อิ่มแล้วไม่อ้วน ส่วนมากผมจะนึกถึงเมนูก๋วยเตี๋ยวครับ
และวันนั้นผมเดินไปซื้อกาแฟหลังที่ทำงาน ผ่านร้านน้องสตางค์
ได้กลิ่นหอมๆมาจากหม้อที่ตุ๋นไก่อยู่ เที่ยงเลยมาจัดการที่ร้านนี้ซะหน่อย
",6,อาหารรสชาติกาแฟกินดีอร่อยน้ำสั่งปั่นราคา,0.996034324169159
233,แค่แวะไปทานกาแฟค่ะ กาแฟร้อนทุกอย่าง 85 บาท แม้จะแค่ Espresso shot จิ๋วก็ 85 นะคะ  สั่งมา1 และ  ลาเต้ร้อนอีก1 แก้วลาเต้ออกมาไม่สวยนัก แต่รสชาดดีค่ะ tiramisu ก็อร่อยดีค่ะ 220บาท ถ้วยจิดนึง พอดีอิ่มม่แล้,12,กาแฟดีเมนูนั่งรสชาติลองสั่งกินราคาชอบ,0.992811679840088
234,"ทานชาเขียวกีวี่+ไข่มุกเป็นประจำค่ะ 
ทานกี่สาขาๆก็เหมือนเดิม 
แต่กว่าจะได้ถ่ายรูปก็รู้ตัวอีกที ดูดจ๊วฟๆหมดแล้ว 
ชานมไข่มุกก็หอมค่ะ 
ชาไม่เข้มเกินไป 
ทานแล้วไม่ปวดหัว 
เป็นร้านชาที่เจอเยอะมากและก็",2,ทานอร่อยกาแฟสั่งดีรสชาติกินรสคนชอบ,0.672376811504364
235,จากพังงา โคกกลอย จะเดินทางไปภูเก็ต จะเห็นร้านอยู่ทางขวามือ สังเกตุได้ง่ายมากป้ายร้านใหญ่ ปละจะมีช้างสีเหลืองๆ อยู่หน้าร้านครับ ทางร้านมีที่จอดรถหน้าร้านเลยครับ จอดได้ประมาณ 10 คัน ร้านนี้ตกแต่งโล่งๆ ส,13,อร่อยทอดดีผักรสชาติอาหารกุ้งเมนูทานขนมปัง,0.996710538864136
236,"ร้านนี้เป็นร้านเล็กๆที่ตั้งอยู่เเถวสยาม ตรงข้ามกับร้าน watson คะ 
บรรยากาศ: อย่างที่บอกเป็นร้านเล็กมาก เหมาะกับการซื้อกลับบ้านหรือเเค่นั่งพักเหนื่อย คลายร้อน เช็คfacebookประเดี๋ยวประด๋าวเท่านั้น สามา",0,กินอร่อยราคาบาทนะคะดีเมนูเค้กชอบคน,0.390201926231384
237,"เป็นร้านที่เดินผ่านแล้วหอมกาแฟจังเลย ยั่วยวนมาก (ขนาดไม่ค่อยชอบทานกาแฟ แค่ได้กลิ่นก็ยังอยากดื่มเลยคะ) ปกติจะทาน java คะ เป็นเครื่องดื่มผสมกาแฟบางๆกับช็อกโกแลต เป็นเมนูโปรดเลยแหละคะ
ร้านก็น่านั่ง เหมา",2,ทานอร่อยกาแฟสั่งดีรสชาติกินรสคนชอบ,0.987093389034271
238,นึกถึงชานมไข่มุกต้นตำหรับไต้หวันแท้ๆ ต้องนึกถึง Dakasi รสชาติสุดยอด อร่อยจนลืมอิ่ม ทีเด็ดอยู่ที่ ไข่มุกที่นุ่มอร่อย ไม่แข็งไม่เป็นไตเหมือนสาคูแบบชานมถั่วไป โดยเฉพาะรสชาติ ออริจินอล เป็นรสชาติที่ต้องซื,7,ชาไข่มุกนมรสชาติหวานแก้วบาททานเลือกเครื่องดื่ม,0.227642342448235
239,"ร้านนี้มีรีวิวมากมายยย....เลยตามรอยเหล่านักรีวิวมาขอชิมบ้าง แต่งวดนี้กลับต้องมาคนเดียว เลยกินได้เท่าที่เห็นนะคะ 

ร้านนี้อยู่ชั้นล่างของ Amari Residence ( ซึ่งทุกคนคงรู้ที่อยู่แล้ว ) ที่จอดรถ จอดข้า",0,กินอร่อยราคาบาทนะคะดีเมนูเค้กชอบคน,0.998317301273346
240,"ร้านOISHI buffet อยู่ชั้น 7 เซ็นทรัลพระราม9
499net/คน  เวลาทาน 1ชั่วโมง 45นาที

เมื่อพนักงานพาไปที่โต๊ะแล้วเราก็จ่ายเงินเลยค่ะ แล้วก็ตักอาหารตามอัธยาศัยเลย
อาหารมีเยอะแยะมากมาย เห็นแล้วเลือกไม่ถูก",0,กินอร่อยราคาบาทนะคะดีเมนูเค้กชอบคน,0.607631623744965
241,ร้าน Vista Cafe เป็นอีกหนึ่งร้านกาแฟน่ารัก ที่มีเมนูเครื่องดื่มอร่อยๆ และมีเบเกอรี่น่าหน้าดีให้เลือกค่อนข้าวเยอะ ที่สั่งมาทาน มี ชาเขียวเย็น ชามะนาวเย็น เค้กแครอท และวาฟเฟิลราดน้ำผึ้งค่ะ. สำหรับเครื่อ,8,กาแฟอร่อยอาหารชอบดีรสชาติเมนูทานราคาบาท,0.992263495922089
242,Dakasi ร้านชานมไข่มุกสูตรไต้หวันที่ตอนนี้มีสาขาอยู่มากมายตามห้างและออฟฟิตดังๆ วันนี้ผมมาทานที่สาขาตึก Empire Tower ครับ สาขานี้มีโปรโมชั่นลดอยู่แทบจะตลอดเวลา เพราะทางตึกเพิ่งจะปรับปรุงโซนศูนย์อาหารใหม,5,ทานอร่อยรสชาติสาขาบาทเมนูสั่งอาหารดีกิน,0.466642946004868
243,ก่อนอื่นเลยต้องขอบอกว่านี่คือรีวิวแรกในปีนี้ของเรานะคะ และเนื่องจากเป็นรีวิวแรก เราเลยอยากขอนำเสนอร้านอาหารร้านหนึ่งซึ่งแทบจะเรียกได้ว่าเป็นร้านประจำบ้านเราเลยก็ได้ค่ะ เพราะไปกินกันบ่อยมาก(โดยเฉพาะเวล,2,ทานอร่อยกาแฟสั่งดีรสชาติกินรสคนชอบ,0.99807345867157
244,แวะมาทานหลายรอบแล้วค่ะ อร่อยติดใจในรสชาติแบบนี้เลย ไม่ว่าจะเป็น ส้มตำไทยปู ตำข้าวโพดไข่เค็ม ยำสามกรอบ ยำถั่วพู ลาบหมู ลาบเห็ด ลาบไก่กรอบ ไส้กรอกปลาทอด อ่อม คอหมูย่าง แต่มีน้ำจิ้มคอหมูย่างที่ไม่ค่อยปลื,3,จานรสชาติอร่อยอาหารทานเมนูสั่งดีบาทปลา,0.991675913333893
245,"จำได้ว่าผมมากินครั้งแรกนานมากแล้ว ร้านยังไม่ใหญ่เหมือนตอนนี้
ชอบตรงการจัดร้านดูเป็นระเบียบ ขนมจีนที่นี่ดูน่ารักให้มาเป็นคำๆ
ใส่มาเป็นเข่ง มีแกงเสริฟเป็นถ้วยมีหลายอย่าง ผมสั่งไก่ย่าง ขนมจีน
แกงเขียว",2,ทานอร่อยกาแฟสั่งดีรสชาติกินรสคนชอบ,0.783311486244202
246,"ด้วยความที่ช่วงนี้เป็นเทศกาลปีใหม่ ร้านจึงปิดกันเยอะ วันนี้ตั้งใจจะมาทานอีกร้านแต่ร้านนั้นปิดคะ ดูซ้ายดูขวา ร้านนี้แล้วกัน เพราะวันนี้อยากทานส้มตำ

พอทานไปแล้ว เป็นร้านที่แก้ขัดจริงๆคะ สั่งมาหลายอย่",2,ทานอร่อยกาแฟสั่งดีรสชาติกินรสคนชอบ,0.987531125545502
247,ปกติชอบทานพวกแป้งหรือขนมปังค่ะ และร้านนี้ก็เป็นร้านโปรดที่ทานมาตลอด และก็ได้เห็นวิวัฒนาการของร้านมาตลอด ตั้งแต่คนต่อคิวกันเป็นร้อย และก็ค่อยๆลดลงมาเรื่อยๆ เพราะมาลงแรกๆคนยังไม่เคยชิมก็พากันกรูมาต่อแถว,2,ทานอร่อยกาแฟสั่งดีรสชาติกินรสคนชอบ,0.994477272033691
248,"ร้านอาหารและกาแฟ บรรยากาศสงบ หลบความวุ่นวายบนท้องถนนเป็นอย่างดี ร่มรื่นด้วยสวนต้นปาล์ม ในย่านบางพลัด

อาหารที่นี่จะช้าหน่อย ใครไม่ได้โทรสั่งล่วงหน้าก็มีหนังสือให้นั่งอ่าน หรืจะสั่งกาแฟจิบระหว่างรอด้",3,จานรสชาติอร่อยอาหารทานเมนูสั่งดีบาทปลา,0.477735728025436
249,"ล่วงเลยวันเกิดเพื่อนสนิทอีกคนมานานมากกกก 
(คือ เดือนที่แล้ว แหะ แหะ)
ก็เลยพามาสวีทกันตามประสาสาวโสด ????

จริงๆ ตอนแรกชวนเจ้าของวันเกิดเดือนกรกฎาคมมา แต่ไม่ว่างมา เลยคิดว่าอาจจะไม่ได้มาแล้ว 
แต่พ",0,กินอร่อยราคาบาทนะคะดีเมนูเค้กชอบคน,0.150794863700867
250,"นานๆ ทีจะได้มาทำธุระที่เซ็นทรัลปิ่นเกล้า เดินๆ อยู่ร่างกายต้องการน้ำหวานๆ สักหน่อย ก่อนจะกลับไปทำงานต่อ ต้องแวะซื้อล่ะ เพิ่มพลังในการทำงาน กับ wawa cha 
สาขาเซ็นทรัลปิ่นเกล้านี้ ร้านอยู่ชั้น G ตรงข้า",7,ชาไข่มุกนมรสชาติหวานแก้วบาททานเลือกเครื่องดื่ม,0.354481399059296
251,"ร้านนี้เป็นอีกร้านที่เหมาะสำหรับคอกาแฟหรือคนที่ชอบอาหารง่ายๆ เมนูอาหารและเครื่องดื่มมีมากมายให้เลือกคะ เครื่องดื่มที่ชอบก็คือ ช็อคโกแลตโอลิโอป่ันคะ
รสชาติอร่อยมาก และยังมีพวกสมูทตี้ปั่นด้วยนะคะ 
อาห",8,กาแฟอร่อยอาหารชอบดีรสชาติเมนูทานราคาบาท,0.992103397846222
252,"ตั้งท่าจะไปกินมานานแล้ว พอดีเพื่อนฝรั่งที่เคยทำงานด้วยกัน กลับมาทำงานที่เมืองไทย เลยถือโอกาสพาไปกินที่นี่ซะเลย
วันนั้นไปเดินรอร้านเปิดกันด้วยนคะ เพราะร้านเค้าเปิดประมาณ 6 โมงเย็นอ่ะ แต่พวกเรามาเร็วไป",0,กินอร่อยราคาบาทนะคะดีเมนูเค้กชอบคน,0.998826801776886
253,"ร้านcoffee way เขาบายศรี (คนจันท์เรียกท่าจุ๊ย!) ถ้าวิ่งมาจากจันทบุรี อยู่เลยจากปตท.เนินสูงไปหน่อย

พูดตามตรงว่าดีใจมากที่มีร้านนี้มาเปิดบริเวณนี้ เพราะว่าเอือมระอากับการบริการอันย่ำแย่ของอเมซอนในปตท",12,กาแฟดีเมนูนั่งรสชาติลองสั่งกินราคาชอบ,0.996286869049072
254,"ด้วยคอนเซ็ปของอาหารที่แปลกแหวกแนว
เลยต้องขอโดนสักที!!

บรรยากาศร้านตกแต่งสไตล์โมเดิน เพดานสูงโปร่ง พื้นที่ร้านกว้างขวาง นั่งแล้วดูโล่งโปร่งสบายดี
เมนูก็มีให้เลือกหลากหลาย ล้วนแต่แปลกๆทั้งนั้น
แต่",3,จานรสชาติอร่อยอาหารทานเมนูสั่งดีบาทปลา,0.997502863407135
255,วันนี้ดิช้ันมาทบนอาหารเวลา5 โมงเย็น ที่ร้านแม่ศรีเรือนในโฮมโปร มีแขกไม่ถึง5 โต๊ะแต่พนักงานบริการแย่มาก ไม่เอาเมนูมาให้ ยืนคุยกัน แย่มากถึงมากที่สุด ดิชั้นส่ังกาแฟ พนักงานกระแทกโต๊ะมาให้ ดิชั้นยังโอเค ,2,ทานอร่อยกาแฟสั่งดีรสชาติกินรสคนชอบ,0.991741299629211
256,"ถ้าใครไม่อยากพาคุณแม่ไปกินอาหารหนักๆ หรือไม่อยากออกไปนอกบ้านตอนกลางค่ำกลางคืน ""ร้านกาแฟนรสิงห์"" ก็เป็นตัวเลือกที่น่าสนใจ เพราะเป็นร้านที่เหมาะกับการนั่งชิลล์ในตอนกลางวันมากๆ เนื่องจากเป็นร้านอยู่ที่ใน",12,กาแฟดีเมนูนั่งรสชาติลองสั่งกินราคาชอบ,0.996757447719574
257,"ร้านส้มตำโปงลางเป็นอีกร้านหนึ่งที่ค่อนข้างมีชื่อในสมุทรปราการค่ะ ร้านนี้จะอยู่บางบ่อ มีคนไปกินแน่นตลอดเลยค่ะ

ที่ร้่านนี้จะเปิดร้านวันจ.-ส.ค่ะ เขาหยุดวันอาทิตย์ รู้สึกจะเปิดประมาณ 11 โมงมั้งคะ บรรยา",5,ทานอร่อยรสชาติสาขาบาทเมนูสั่งอาหารดีกิน,0.991903424263
258,"Fuku matcha อยู่ชั้นเดียวกับโรงหนัง sf เดอะมอลล์บางกะปิค่ะ เป็นบู๊ทเล็กๆ แต่มีโปรถูกใจค่ะ ซื้อเครื่องดื่มอะไรก็ได้ในราคาปกติ 1 อย่าง แถมชานมไข่มุกแก้วเล็ก 12 ออนซ์ 1 แก้ว

ชานมฟวานกำลังดี หอมชาด้วย ",2,ทานอร่อยกาแฟสั่งดีรสชาติกินรสคนชอบ,0.715862452983856
259,"ในวันนี้นายลักกี้ก็ยังคงตระเวนกินอยู่ที่ตลาดน้ำเช่นเคยนะครับ โดยวันนี้ นายลักกี้จะมารีวิวร้านขายเครื่องดื่มที่ปากน้ำถึง 2 ร้านเลย
โดยร้านแรกนั้นจะเป็นร้านกาแฟเล็กๆ ที่เปิดเป็นห้องตรงหัวมุมในบริเวณที่",8,กาแฟอร่อยอาหารชอบดีรสชาติเมนูทานราคาบาท,0.998191595077515
260,"ราคาค่อนข้างแพง (479/คน)
แต่มันหลากหลายมากๆ ไม่ใช่แค่อาหารญี่ปุ่นอย่างเดียวอ่ะค่ะ. 

เริ่มจากสเปเชี่ยลเมนูก่อนนะคะ
ครั้งแรกไปไม่รู้เทศกาลอะไร แต่ได้กินปีกไก่ทอดเกลือ อร่อยมากค่ะ ครั้งที่2 เป็นเทศก",0,กินอร่อยราคาบาทนะคะดีเมนูเค้กชอบคน,0.799518823623657
261,"ร้านนี้เป็นอีกร้านนึงในซอยลิตเติ้ลไพน์หรือซอยหอพักชยาทิพย์ เป็นร้านอาหารสัญชาติอีสาน หรือก็คือร้านส้มตำนั่นแหละ 

ร้านนี้เราเคยเห็นตั้งแต่เป็นร้านเล็กๆ ยังไม่มีที่ทางให้ลูกค้านั่งกินมากเท่าไหร่ จนกร",2,ทานอร่อยกาแฟสั่งดีรสชาติกินรสคนชอบ,0.03309715539217
262,"ร้านอาหารใหญ่มากกกกกกก 
เลี้ยวเข้ามาเจอห้องน้ำก่อนเลย เออแปลกดี 
ห้องทานหลักๆอยู่ชั้น 2 มีกาแฟ น้ำผึ้ง ซึ่งก็แค่เอาน้ำผึ้งมาราด แพงเวอร์ อย่าสั่งเลย 
ลาบไข่ต้ม ไข่มันคาวอะ เลยไม่ประทับใจเท่าไหร่
ท",8,กาแฟอร่อยอาหารชอบดีรสชาติเมนูทานราคาบาท,0.992842316627502
263,"ครัวจันผา เขาใหญ่
สวัสดีค่ะ วันนี้พวกเรากว่า 20 ชีวิต เดินทางมาหาอากาศหนาวๆ ที่เขาใหญ่กันค่ะ แต่ผิดหวังไม่หนาวเอาซะเลยแถมร้อนอีกต่างหาก >_< พอถ่ายรูปที่บ้านรมควัน smoke house เสร็จก็กะหาร้่านกาแฟหรือ",8,กาแฟอร่อยอาหารชอบดีรสชาติเมนูทานราคาบาท,0.996876537799835
264,"สำหรับร้านนี้นั้นอยู่ในวัดด่าน ถนนพระราม 3 ครับ ได้ยินชื่อมานาน มีคนรีวิวในเวปอื่นไว้พอสมควรครับ วันนี้ขับผ่านพอดีเลยลองแวะเข้าไปครับ 

ขัับมาสุดวัดเลยครับ มีที่จอดสามารถจอดได้เลยร้านอยู่ติดแม่น้ำพอ",2,ทานอร่อยกาแฟสั่งดีรสชาติกินรสคนชอบ,0.997459828853607
265,ก่อนอื่น พูดถึงรสชาติของบุฟเฟ่ต์ก็ต้องบอกว่าเฉยๆ ธรรมดามาก เนื้อทุกแบบหมักด้วยซีอิ๊ว หมูทุกแบบหมักด้วยกิมจิปรุงรส และอาหารก็ไม่ได้สดมากนัก เป็นอารมณ์แบบ โต๊ะอื่นสั่งเหลือแล้วยังไม่ปิ้งก็จะเก็บเนื้อไว้,2,ทานอร่อยกาแฟสั่งดีรสชาติกินรสคนชอบ,0.997896730899811
266,"

แถวเสนานิคมใกล้ๆ กับหมู่บ้านอมรพันธ์ ตรงป้ายซอยเสนานิคม 34  มีร้านกาแฟน่านั่งมากอยู่ร้านนึง ชื่อว่า “Yummy Restaurant and Bakery”


เป็นร้านกาแฟ เบเกอรี่ และอาหารจานเล็กๆ แบบพวกยำๆ ทอดๆ ไม่หนัก",12,กาแฟดีเมนูนั่งรสชาติลองสั่งกินราคาชอบ,0.9949751496315
267,ร้านนี้เป็นร้านกาแฟที่พิถีพิถันในทุกขั้นตอนจนได้กาแฟรสชาติชั้นเยี่ยม เริ่มจากการคัดสรรเมล็ดกาแฟที่ดีที่สุดจากยอดดอยสูงจากหมู่บ้านปางขอน จังหวัดเชียงราย ชื่อเดียวกับชื่อร้านเลย รวมไปถึงการสกัดกาแฟก็ใช้,6,อาหารรสชาติกาแฟกินดีอร่อยน้ำสั่งปั่นราคา,0.996297717094421
268,"ร้านอาหาร สวนผัก โอ้กะจู๋ ร้านนี้เป็นร้านที่หลายๆคนรู้จักค่ะ เพราะร้านนี้กำลังดังและมาแรงสุดๆ
ร้านนี้มีคอนเซปเก๋ๆว่า ""ปลูกผักเพราะรักแม่"" สำหรับที่ตั้งของร้านนี้ ร้านนี้จะตั้งอยู่ไกลนิดหน่อย
จะออกมา",6,อาหารรสชาติกาแฟกินดีอร่อยน้ำสั่งปั่นราคา,0.998876631259918
269,เจอร้านครั้งแรกตะลึงกับความอลังการของร้านมากๆ ใหญ่โตเกินกว่าจะเป็นร้านเค้ก ตกแต่งดูดี เหมาะกับสมัยนี้ที่คนเน้นถ่ายรูปอาหารสวยๆไปพร้อมกับสถานที่สวยๆ  เป็นรีวิวหนึ่งในรีิวิวที่ใช้เวลานานมากค่ะ เนื่องจาก,0,กินอร่อยราคาบาทนะคะดีเมนูเค้กชอบคน,0.997549533843994
270,"ร้านยำแซ่บอยู่ชั้น6 ห้างเซ็นทรัลพระราม9
ร้านสาขานี้ตกแต่งสวยงาม มีที่นั่งหลายโต๊ะรวมถึงโซฟานุ่มๆด้วย

อยากจะทานยำหรือส้มตำก็เลยมาทานร้านนี้เพราะอยู่ใกล้คอนโดดีและราคาไม่แพงอีกด้วย
นั่งอยู่ด้านในร้",2,ทานอร่อยกาแฟสั่งดีรสชาติกินรสคนชอบ,0.512569427490234
271,หลายคนคงเคยได้ยินข่าวว่าทานชานมไข่มุกมากๆไม่ดี  เพราะแก้วนึงอุดมไปด้วย trans fat (ครีมเทียม) ซึ่งเป็นไขมันไม่ดี  กินมากสะสมเยอะโรคภัยก็ถามหา  ในวันนี้ก็มีร้านทางเลือกชานมไข่มุกที่ห่วงสุขภาพคนทานโผล่ขึ,2,ทานอร่อยกาแฟสั่งดีรสชาติกินรสคนชอบ,0.834336876869202
272,เรือนกาแฟ By Pupe' ร้านกาแฟชิลๆ ของดีเจปูเป้ วนิดา เรือนกาแฟ เราแคร์คุณแห่งนี้ มีเค้ก เบเกอรี่ เครื่องดื่มต่างๆ ไว้บริการพร้อมฟังเพลงเบาๆ เพราะๆ ภายในร้านที่ตกแต่งน่ารัก สบายๆ โปร่งๆ เปิดบริการ 9.30 น,0,กินอร่อยราคาบาทนะคะดีเมนูเค้กชอบคน,0.782704830169678
273,ครั้งแรก ก็ love เลย ไม่บอกอย่างนี้คงไม่ได้ ร้านนี้ถือว่าไม่ใกล้ ไม่ไกล จากบ้านมาก แต่ไม่เคยได้ยินชื่อ ไม่เคยรู้จัก จนเพื่อนพามาลองชิม เห้ยยย!! มันอร่อยอ่ะ รสชาดอาหารอร่อย ราคาไม่แพง ที่จอดรถสะดวกสบาย,2,ทานอร่อยกาแฟสั่งดีรสชาติกินรสคนชอบ,0.870718538761139
274,เห็นหลายคนบอกว่าอร่อยอ้ะนะ เลยมาชิมมาชมมาช้อปไปดื่มสักแก้ว ก็โอเคอ้ะ สั่งชานมไข่มุกแบบเบสิคมาเลย กินไปคำแรกก็เฉยๆนะ ไม่รู้ดิ ก็มาตรฐานอ้ะนะ พนักงานก็งั้น ราคาก็โออยู่ กินได้ สะสมแต้มก็คิดอนู่ เพราะสะส,2,ทานอร่อยกาแฟสั่งดีรสชาติกินรสคนชอบ,0.861987590789795
275,"เห็นรีวิว เลยมาลองทาน ร้านอยู่ไม่ไกลจากบ้าน
ร้านอยู่หมู่บ้านรัชดานิเวศน์ แยก 11
มาทานตอนเที่ยง ร้านเปิด 11.30 ปิดประมาณ 5 ทุ่ม

บรรยากาศ : ร้านมีโต๊ะด้านในที่ติดแอร์แค่ 5 ตัว โต๊ะติดกันมากๆ ตกแต่ง",2,ทานอร่อยกาแฟสั่งดีรสชาติกินรสคนชอบ,0.182065650820732
276,ร้านตำแหล เป็นร้านส้มตำของเหล่าดาราในดวงใจ คุณเมย์ เฟื่องอารมณ์และผองเพื่อน ตอนนี้มีหลายสาขา เช่น เมเจอร์รัชโยธิน ฟิวเจอร์พารครังสิต แต่สาขาที่ไปที่ไปมารีวิลคือสาขายูเนี่ยนมอลล์ ร้านตำแหลไม่เน้นการตบแ,3,จานรสชาติอร่อยอาหารทานเมนูสั่งดีบาทปลา,0.99384206533432
277,ร้่านฝ้ายเป็นร้านคู่กับเมืองเชียงใหม่มานาน อยู่มานานจนมีหลายสาขา แต่สาขาท่ีผมชิมอยู่ท่ีโรงพยาบาลมหาราช (สวนดอก) ร้านนี้เป็นร้านเล็กๆ ประมาณ 8-10 โต๊ะ ขายทั้งอาหาร เครื่องดื่มและเบเกอรี่ แต่ผมขอรีวิว แ,8,กาแฟอร่อยอาหารชอบดีรสชาติเมนูทานราคาบาท,0.991581916809082
278,ร้านตำนานป่าเป็นร้านอาหารชื่อดังของจังหวัดระยอง  ร้านนี้เป็นร้านใหญ่ มีที่จอดรถสะดวกสบาย ปลูกต้นไม้เต็มไปหมด ร่มรื่น เดินเข้าไปในร้านแล้วเย็นสบาย เหมือนเดินทัศนศึกษาในป่าเลยค่ะ ส่วนร้านอาหารเป็นเหมือน,3,จานรสชาติอร่อยอาหารทานเมนูสั่งดีบาทปลา,0.131167680025101
279,"รีวิวในครั้งนี้ไม่ใช่สเต็กในร้าน steak lao นะครับ....แต่ผมขอพูดถึงขนมที่ขายอยู่ในร้านนั่นก็คือ 
barbe papa(บาร์บี้ปาป้า้) เป็นเหมือนขนมสายไหมกลมๆเล็กๆสีสวยน่าทานครับ...
กระปุกละ 50 บาทมีข้างในอยู่ปร",2,ทานอร่อยกาแฟสั่งดีรสชาติกินรสคนชอบ,0.994122385978699
280,วันนี้ไปตระเวนนั่งร้านกาแฟเปิดใหม่ จู่ๆก็นึกถึงร้านกาแฟที่เคยไปมา ร้านโก๋กาแฟ เป็นร้านกาแฟอีกร้านนึง ที่มักคิดถึงและอยากกลับไปนั่งที่ร้านนี้อีก. ถ้าดูจากภายนอกร้านแบบผ่านๆ ก็ไม่มีอะไรน่าสะดุดตา แต่เมื,12,กาแฟดีเมนูนั่งรสชาติลองสั่งกินราคาชอบ,0.993193864822388
281,"เกี่ยวกับร้านโชว์ฮ่วย: 
ร้านนี้ตั้งอยู่ที่เดียวกับครัวยายรูญ ร้านก๋วยเตี๋ยวเป็ดชื่อดังในย่านทางขึ้นแม่สลอง หลังจากที่ร้านก๋วยเตี๋ยวเป็ดปรับปรุงร้านใหม่ให้เดิ้นขึ้น เจ้าของร้านก็ได้เพิ่ม ร้านกาแฟแนวๆ ",3,จานรสชาติอร่อยอาหารทานเมนูสั่งดีบาทปลา,0.851777672767639
282,เป็นความบังเอิญเอามากๆที่ได้มาพบร้านอาหารที่รสชาติน่าประทับใจเอาซะมากๆที่ทาวน์อินทาวน์นี่เอง จนต้องหาข้อมูลเพิ่มซักหน่อยทำให้พอทราบว่า ร้าน  Chef's Table by Tinee Eatery เป็นบริษัทเล็กๆที่คุณภาพไม่เล็,3,จานรสชาติอร่อยอาหารทานเมนูสั่งดีบาทปลา,0.650416672229767
283,"ร้านแบ่งเป็น 3 โซน
1.นั่งรอ
2. โต๊ะกิน - no cats
3. คาเฟ่แมว
ถ้าไปตอนไม่ค่อยมีคนก็เข้าไปโซน3ได้เลย

ร้านนี้เหมาะสำหรับคนรักแมวมว๊ากกกก<3 มีแมวสวยๆประมาณ 10 ตัว เดินไปเดินมา ไม่ก็นั่งหลับบนโซฟา แ",0,กินอร่อยราคาบาทนะคะดีเมนูเค้กชอบคน,0.561769723892212
284,"ผมชอบร้านกาแฟในเครือ อเมซอน ซ่งส่วนใหญ่เปิดในปั๊มน้ำมัน
แต่ร้านนี้ เปิดในห้าง เป็นร้านการแฟมาตรฐานเลยครับ
ผมชอบสาขานี้ เพราะ ร้านมันสวยดี เมื่อมันอยู่ในห้าง สีเขียวทำให้สดชื่น

ผมมากินกาแฟหลายครั้",12,กาแฟดีเมนูนั่งรสชาติลองสั่งกินราคาชอบ,0.995103597640991
285,"ร้านนี้ก็เป็นกาแฟท๊อปฮิตในใจใครหลายๆ คน (อย่างน้อยก็เพื่อนเราคนนึง) 
แต่อย่างว่า ลางเนื้อชอบลางยา นะคะ ต่างคนต่างชอบไม่เหมือนกัน
โดยส่วนตัวเรา ให้คะแนนเฉยๆ อันนี้หมายถึง รสชาดกาแฟนะคะ

ส่วนบรรยกาศ",2,ทานอร่อยกาแฟสั่งดีรสชาติกินรสคนชอบ,0.740190029144287
286,สวัสดีค่ะ ชื่อร้านนี้อาจจะน่ากลัวสักหน่อยนะคะ แต่จริงๆ แล้วไม่มีไรมากค่ะ และไม่เกี่ยวกับอาหารที่ทานไปนะคะ คือเดิมเมื่อก่อนร้านนี้ตั้งอยู่อยู่ริมถนนวัฒนธรรมฝั่งตรงข้าม อ.ส.ม.ท. เป็นที่ของการรถไฟ ที่มีก,5,ทานอร่อยรสชาติสาขาบาทเมนูสั่งอาหารดีกิน,0.997601091861725
287,มา Ochaya สั่งแบบเมนู basic เลย ชานมไข่มุก ราคาแก้วละ 35 บาท ถือว่าราคาไม่แพงเลยถ้าเทียบร้านอื่น แก้วก็ไซด์ใหญ่อยู่ ซื้อมาทีไร กินไม่เคยหมดสักที หวานๆ เย็นๆ ตอนบ่ายๆ วันทำงาน รสชาติก็โออยู่ ไข่มุกก็หน,0,กินอร่อยราคาบาทนะคะดีเมนูเค้กชอบคน,0.601226150989533
288,"ร้านพายจริณ เป็นร้านคาเฟ่และเบเกอรี่เล็กๆที่มีสาขาแรกอยู่ที่เชียงรายค่ะ 
ตอนนี้มาเปิดสาขาใหม่ที่เชียงใหม่ ซอยนิมมาน 11 ค่ะ 
ร้านนี้มีเมนูเด่นๆเลยคือพายโฮมเมดรสชาติดีค่ะ ด้วยแป้งพายสูตรเด็ดของทางร้าน",3,จานรสชาติอร่อยอาหารทานเมนูสั่งดีบาทปลา,0.995995819568634
289,"อร่อยดีครับ เพิ่งมาครั้งแรกขับรถหลงๆ มาเห็นร้านคนเยอะดีเลยแวะ
1.ไก่ย่างอร่อยดีครับ หมักด้วยซอสหอมๆ เหมือนซอสถั่วเหลือง เนื้อนุ่มลิ้น ชุ่มช่ำ แนะนำครับ ถ้าชอบแบบย่างแห้งก็ผ่านไปเลยครับ แต่อร่อยจริงนะ
",3,จานรสชาติอร่อยอาหารทานเมนูสั่งดีบาทปลา,0.7198845744133
290,เมื่อวานไปเดินเล่นเดอะมอลล์บางแค แล้วเห็นร้าน sometime’s ซึ่งเป็นร้านที่เป็นสาขา ก็เลยคิดถึงร้านที่เป็นออริจินอลขึ้นมา ร้านนี้เคยไปเมื่อสามสี่ปีก่อน ไปแล้วประทับใจมาก คิดไว้เลยว่าจะต้องมาอีก แต่เวลาผ่,2,ทานอร่อยกาแฟสั่งดีรสชาติกินรสคนชอบ,0.998021483421326
291,"ร้านนี้เป็นหนึ่งในความตั้งใจว่า อยากจะทำเรื่องกินตามแนวรถไฟฟ้าอ่ะค่ะ เพราะว่าแพร์ทำบล็อกของกินอยู่บล็อกนึง แล้วก็ชอบเซ็ทเป็นซีรีส์ๆ ด้วย แต่ก็ไม่ได้ฤกษ์ทำซะที เพราะยังหาได้ไม่กี่ร้านเอง

Little Big ",0,กินอร่อยราคาบาทนะคะดีเมนูเค้กชอบคน,0.99898236989975
292,"ร้านกาแฟน่ารักๆ ในปั๊มนํ้ามันปิโตรนาสบนเส้นทางจากระยองกลับเข้ากรุงเทพฯ แถวๆ พัทยา ที่มีจุดสังเกตุคือกังหันลมอันใหญ่ที่เห็นชัดเจนแต่ไกล

เข้ามาในร้ายก็มีที่นั่งหลายมุมที่ชวนนั่งซะเหลือเกิน บรรยากาศเค",7,ชาไข่มุกนมรสชาติหวานแก้วบาททานเลือกเครื่องดื่ม,0.3475301861763
293,"ร้านนี้หาไม่ยากครับ อยู่ที่ปากซอย6 ถนนนิมมาน 
หน้าร้านจะเขียนเมนูแนะนำไว้บนกระดานเป็นภาษาอังกฤษ หน้าร้านจะมีต้นไม้จากกระถางอีกเล็กน้อยดูแล้วสบายตา
ร้านเป็นแบบง่ายๆเป็นกันเองและน่ารักสไตล์พี่น้องชาวเ",8,กาแฟอร่อยอาหารชอบดีรสชาติเมนูทานราคาบาท,0.995124161243439
294,ร้านบ้านไร่กาแฟเป็นร้านติด BTS เอกมัย ร้านใหญ่โตมีสองชั้น อยู่ตรงหัวมุมถนนเอกมัยพอดี ร้านนี้ไม่ได้มีขายแตากาแฟ แต่ยังมีอาหารไทยๆ ขายด้วย จุดเด่นของร้านคือ ทุกอย่างจะแสดงออกถึงความเป็นไทย ตั้งแต่การตกแ,8,กาแฟอร่อยอาหารชอบดีรสชาติเมนูทานราคาบาท,0.99499648809433
295,"ค่ำนี้คุณเพื่อนอยากส้มตำ หมูเฮาเลยพากันลงมากินส้มตำข้างๆออฟฟิศ 
""ร้านป้าลี"" มีพิกัดอยู่หน้า CP Fresh Mart (เลี้ยวขวาออกจากสีลมคอมเพล็กซ์ เดินมาหน่อยเดียว) หาไม่อยาก อยู่บนทางเท้าเลยค่ะ 

ป้าขายอะไร",2,ทานอร่อยกาแฟสั่งดีรสชาติกินรสคนชอบ,0.997908651828766
296,"ร้านสะอาดดี ตกแต่งสวยงาม มีที่จอดรถ ราคาเมนูต่างๆอาจจะสูงไปนิด ถ้าเทียบกับรสชาด ลองไปทานดูมี 
1. เค้กกาแฟแมคคาดีเมีย รสชาดกับราคาสวนทางกันครับ เนื้อเค้กไมอร่อยเลย ทำเหมือนเค้กราคาไม่แพง ราคาขนาดนี้น่",12,กาแฟดีเมนูนั่งรสชาติลองสั่งกินราคาชอบ,0.994219124317169
297,"เช้าๆ รีบๆ วิ่งมาเข่าห้องเรียนแทบไม่ทันแต่ต้องหาของกินรองท้องก่อนเสมอ ร้านนี้เป็นร้านอาหารที่ต้องแวะมากินให้มันสุขใจก่อน

มีทั้งเซ็ทอาหารเช้าแบบออมเล็ต หรือประเภทน้ำดื่มคลายร้อนแบบ ชา โกโก้เย็น กาแฟ",6,อาหารรสชาติกาแฟกินดีอร่อยน้ำสั่งปั่นราคา,0.992554068565369
298,ร้านนี้เป็นร้านกาแฟเล็กๆ ข้างๆ ร้านๆ Happy Mango ครับ อาทิตย์ก่อนนัดเพื่อนไปนั่งคุยกัน เห็นร้านนี้ดูเก๋ดีเลยลองซะหน่อย   อย่างที่บอกคือร้านเล็กครับ  ภายในร้านจะนั่งได้ประมาณ 5-6 ที่ แต่ก็มีเก้าอี้ให้น,2,ทานอร่อยกาแฟสั่งดีรสชาติกินรสคนชอบ,0.591707706451416
299,"ทรูคอฟฟี่สาขาซีคอนอยู่ในศูนย์บริการของทรู ชั้น 1 โซนด้านเดียวกับโรงหนัง
พื้นที่ศูนย์บริการทรูใหญ่ดีครับ มีมุมด้านนึงเป็นทรูคอฟฟี่ และยังมีที่นั่งในส่วนนี้ให้อีกพอสมควรเลยระหว่างรอเรียกคิวสั่งวนิลาทวิ",0,กินอร่อยราคาบาทนะคะดีเมนูเค้กชอบคน,0.501514852046967
