word,freq,group
นะคะ,156,-1
เค้า,136,-1
อร่อย,513,1
รสชาติ,414,1
ดี,366,1
ชอบ,292,1
รส,144,1
กาแฟ,418,2
หอม,140,2
ทาน,417,3
อาหาร,352,3
กิน,343,3
เมนู,311,4
สั่ง,303,4
จาน,198,4
เลือก,130,4
ราคา,280,5
บาท,262,5
ชา,265,6
คน,233,11
นั่ง,207,11
บรรยากาศ,152,11
โต๊ะ,112,11
หวาน,211,12
เค้ก,136,12
ลอง,178,13
ดู,149,13
นม,155,14
เนื้อ,140,15
น้ำ,123,16
เครื่องดื่ม,123,16
บริการ,119,21
หมู,110,22
สำหรับ,109,21
ไข่มุก,109,23
เหมือน,107,99
ใส่,107,99
ขาย,101,99
ที่นี่,97,99
แนะนำ,96,99
แก้ว,95,99
ทำ,95,99
กก,94,99
ส้มตำ,88,99
กรอบ,87,99
ปลา,87,99
ชิ้น,86,99
ตัว,83,99
แพง,82,99
ร้อน,81,99
ไทย,80,99
ชิม,79,99
เย็น,79,99
สาขา,78,99
นุ่ม,77,99
ทอด,75,99
หน้า,75,99
เข้มข้น,74,99
ซื้อ,72,99
เดิน,71,99
พนักงาน,71,99
แล้วก็,71,99
กุ้ง,68,99
ยำ,67,99
เผ็ด,64,99
บอ,64,99
แวะ,64,99
น่ารัก,63,99
เพื่อน,63,99
ตกแต่ง,63,99
เข้าไป,62,99
ซอส,62,99
ออกมา,62,99
ที่นั่ง,62,99
ผัด,61,99
สด,61,99
ปั่น,61,99
ยังมี,61,99
กลิ่น,60,99
สลัด,59,99
รอ,59,99
ย่าง,59,99
ใช้ได้,58,99
เส้น,58,99
ขนมปัง,57,99
ไก่,57,99
รู้สึก,56,99
ซอย,54,99
ดื่ม,53,99
บ้าน,53,99
ชีส,53,99
แถม,53,99
ถนน,52,99
ชั้น,52,99
รีวิว,52,99
เต็ม,52,99
ชาเขียว,51,99
ผัก,50,99
กำลังดี,50,99
ธรรมดา,50,99
ขนม,50,99
เจอ,49,99
สูตร,49,99
หา,49,99
ครีม,48,99
แนว,47,99
เจ้าของ,47,99
ปู,46,99
มะม่วง,46,99
ซุป,46,99
สไตล์,46,99
แถว,46,99
เปรี้ยว,45,99
10,45,99
ข้าว,45,99
นึง,44,99
รี่,44,99
ไข่,44,99
อันนี้,44,99
รู้,43,99
ริ,43,99
สวย,43,99
เสิร์ฟ,43,99
ตั้งอยู่,43,99
ลูกค้า,42,99
แป้ง,42,99
เวลา,42,99
ญี่ปุ่น,42,99
เล่น,41,99
ตอน,40,99
อิ่ม,40,99
เครื่อง,40,99
ติด,40,99
โอเค,40,99
อ่ะ,39,99
หลากหลาย,38,99
ก๋วยเตี๋ยว,38,99
เรื่อง,38,99
ชื่อ,38,99
เลี่ยน,37,99
รถ,37,99
แอบ,37,99
ราด,37,99
คอ,36,99
ขนาด,36,99
ดีกว่า,36,99
ปิ้ง,36,99
โดยรวม,36,99
ไม่ต้อง,36,99
กลาง,36,99
โซน,36,99
เค็ม,35,99
คา,35,99
กา,35,99
ข้าวผัด,34,99
แซ่บ,34,99
เข้ามา,34,99
ของหวาน,34,99
เหมือนกัน,34,99
โก,34,99
ชาด,34,99
ล่ะ,33,99
มาจาก,33,99
ถ้วย,33,99
กลมกล่อม,33,99
สดชื่น,33,99
โกโก้,33,99
น้ำจิ้ม,32,99
ปกติ,32,99
สรุป,32,99
จอด,31,99
ทั่วไป,31,99
มะนาว,31,99
แปลก,31,99
คะแนน,31,99
ห้าง,31,99
เทียบ,31,99
50,31,99
คู่,31,99
ผลไม้,30,99
โอ,30,99
ถูกใจ,29,99
ผิดหวัง,29,99
คุ้ม,29,99
สปา,29,99
ส่วนตัว,29,99
เห็ด,29,99
40,29,99
สอง,29,99
พาย,29,99
อะ,29,99
ตัก,28,99
พริก,28,99
เกินไป,28,99
ถ่ายรูป,28,99
แน่น,28,99
เด็ด,28,99
เป็ด,28,99
ผสม,27,99
นิดนึง,27,99
สี,27,99
เส,26,99
แบบนี้,26,99
รูป,26,99
น้อง,26,99
มาถึง,26,99
แซลมอน,26,99
ลืม,26,99
กะ,25,99
อร,25,99
คุณภาพ,25,99
จืด,25,99
วาง,25,99
เด่น,25,99
สัก,25,99
ความคิดเห็น,25,99
เละ,25,99
ดาว,24,99
สาม,24,99
สวน,24,99
รา,24,99
แฮม,24,99
แอร์,24,99
เดินทาง,24,99
ที่มา,24,99
แตงโม,24,99
ฝั่ง,23,99
ด้านใน,23,99
ชิ,23,99
ร้อย,23,99
เก๋,23,99
กระ,22,99
น้ำแข็ง,22,99
มื้อ,22,99
เท,22,99
เบอ,22,99
บริเวณ,22,99
เข้ม,22,99
อีสาน,22,99
เบเกอรี่,22,99
กาแฟสด,22,99
ดีมาก,22,99
แน่นอน,22,99
รอบ,22,99
เหนียว,21,99
ได้ดี,21,99
ตอนนี้,21,99
อย่า,21,99
เบา,21,99
เม,21,99
ไอศกรีม,21,99
ห้อง,21,99
ตรงข้าม,21,99
45,21,99
ป้าย,21,99
สวยงาม,21,99
ค่า,21,99
พิเศษ,21,99
ลาเต้,20,99
555,20,99
ทะเล,20,99
สะอาด,20,99
ที่จอดรถ,20,99
ลาบ,20,99
สุขุมวิท,20,99
อี,20,99
100,20,99
แข็ง,20,99
ต้มยำ,20,99
เหมาะกับ,20,99
ไม้,20,99
หน้าตา,20,99
แยก,20,99
ปริมาณ,19,99
อบ,19,99
มุม,19,99
ลวก,19,99
เก็ตตี้,19,99
ด้านหน้า,19,99
จิบ,19,99
ทำงาน,19,99
35,19,99
30,19,99
จ่าย,19,99
แห้ง,19,99
อม,19,99
แล,19,99
คุย,19,99
หิว,19,99
เพลิน,19,99
พญาไท,19,99
ครึ่ง,18,99
พลาด,18,99
หอย,18,99
ออ,18,99
ข้น,18,99
ลด,18,99
โดยเฉพาะ,18,99
ชง,18,99
ชิล,18,99
พัก,18,99
เครป,18,99
แซ,18,99
55,18,99
ตึก,18,99
ไอศครีม,18,99
แน่,18,99
มาตรฐาน,18,99
ลูก,18,99
ระดับ,18,99
ขับรถ,18,99
คิว,18,99
โดดเด่น,18,99
เค๊ก,18,99
แดง,18,99
ซัก,18,99
ลา,17,99
วจะ,17,99
เผา,17,99
เด็ก,17,99
แทบ,17,99
โรงแรม,17,99
นมสด,17,99
อยู่แล้ว,17,99
จิ้ม,17,99
ช๊อค,17,99
ขม,17,99
ฟรี,17,99
เลี้ยว,17,99
แมว,17,99
with,17,99
20,16,99
ข้าวเหนียว,16,99
ปาก,16,99
พูดถึง,16,99
ชม,16,99
ด้านนอก,16,99
นา,16,99
เม็ด,16,99
ใส,16,99
สะพาน,16,99
เก,16,99
นอ,16,99
นิ่ม,16,99
เมือง,16,99
ไอติม,16,99
บรา,16,99
โดน,16,99
โซฟา,16,99
60,16,99
ที่อยู่,16,99
ส้ม,16,99
คาราเมล,15,99
จัดจ้าน,15,99
เต,15,99
แก้,15,99
กลับมา,15,99
กี่,15,99
นิ,15,99
ฝรั่ง,15,99
สิ,15,99
ไส้,15,99
อ่อน,15,99
วิ,15,99
เบ,15,99
พุดดิ้ง,15,99
เจ้า,15,99
สุดท้าย,15,99
หนา,15,99
หัว,15,99
วิว,15,99
15,15,99
อีกด้วย,15,99
อ้อ,15,99
เป็นกันเอง,15,99
คนเดียว,15,99
วิป,15,99
ประทับใจ,15,99
แบ่ง,15,99
เหมาะ,15,99
ติดใจ,15,99
หนึบ,15,99
ไก่ทอด,15,99
เก้าอี้,15,99
70,15,99
น้ำปลา,14,99
สักหน่อย,14,99
ห้าม,14,99
อ่าน,14,99
โมง,14,99
น้ำสลัด,14,99
เข้ากัน,14,99
เข้ากับ,14,99
เติม,14,99
เบอร์เกอร์,14,99
75,14,99
ที่จะ,14,99
ที่ตั้ง,14,99
ว่าง,14,99
โฮมเมด,14,99
งาน,14,99
ขับ,14,99
ประจำ,14,99
หลายอย่าง,14,99
เก่า,14,99
อิอิ,14,99
วัง,14,99
โน่,14,99
ย่าน,14,99
ฟี่,14,99
แม่,14,99
อา,13,99
กระทะ,13,99
ปลาหมึก,13,99
แล้,13,99
ยา,13,99
วันที่,13,99
เช้า,13,99
ซ้ายมือ,13,99
น้ำผลไม้,13,99
ขออภัย,13,99
ตา,13,99
ปลื้ม,13,99
รี,13,99
ลงตัว,13,99
ลิ้น,13,99
สีสัน,13,99
หมัก,13,99
หอ,13,99
อีกแล้ว,13,99
เขียว,13,99
แครอท,13,99
ใจดี,13,99
มมาก,13,99
คนอื่น,13,99
เนียน,13,99
ปี,13,99
เหมาะสำหรับ,13,99
แน่ใจ,13,99
ถั่ว,13,99
แล๊ต,13,99
ชั่วโมง,13,99
สาว,13,99
ใด,13,99
พระ,13,99
หั่น,13,99
นึกถึง,13,99
แกง,13,99
โรย,13,99
อารมณ์,13,99
ด้านบน,13,99
ช็อกโกแลต,13,99
กระเทียม,13,99
กล้วย,13,99
ขาว,13,99
ขนมจีน,13,99
งง,13,99
กี้,13,99
ป้า,13,99
รายการ,12,99
หลัก,12,99
มีโอกาส,12,99
หาไม่,12,99
กิ,12,99
ตัด,12,99
ถาม,12,99
นึก,12,99
พี่,12,99
สะ,12,99
เชฟ,12,99
แอปเปิ้ล,12,99
ต้ม,12,99
น้ำตก,12,99
สตอ,12,99
ของคาว,12,99
ต้องการ,12,99
เกลือ,12,99
ครั้งแรก,12,99
ขนมหวาน,12,99
ทูน่า,12,99
อาหารจานเดียว,12,99
เด,12,99
ตก,12,99
กลับบ้าน,12,99
นรสิงห์,12,99
ตำ,12,99
เสียดาย,12,99
สร้าง,12,99
ชิว,12,99
ห้องน้ำ,12,99
เรือ,12,99
ท่าน,12,99
ลัก,12,99
สเต๊ก,12,99
หนัก,11,99
โบราณ,11,99
โซดา,11,99
สี่,11,99
ปากซอย,11,99
หนัง,11,99
กรุงเทพฯ,11,99
กลิ่นหอม,11,99
จีน,11,99
ชี,11,99
ชุบ,11,99
ตอนแรก,11,99
น้ำตาล,11,99
ปรุง,11,99
ปรุงรส,11,99
มีรส,11,99
หมูสับ,11,99
เนย,11,99
โค,11,99
ไปมา,11,99
ไส้กรอก,11,99
ติดกับ,11,99
ปตท,11,99
ฮ่า,11,99
ขึ้นไป,11,99
โปรโมชั่น,11,99
แต่ง,11,99
พื้นที่,11,99
กินกัน,11,99
ต่อไป,11,99
สุก,11,99
เคี้ยว,11,99
เบียร์,11,99
คนรัก,11,99
อาทิตย์,11,99
ครัวซอง,11,99
65,11,99
จุด,11,99
คาเฟ่,11,99
11,11,99
เที่ยง,11,99
คุ้มค่า,11,99
เอาไว้,11,99
กระจก,11,99
ต้น,11,99
ศรี,11,99
น้ำผึ้ง,11,99
coffee,11,99
ถึงกับ,11,99
ปอเปี๊ยะ,11,99
โล่ง,11,99
พี,11,99
ซอน,11,99
นึ่ง,11,99
120,11,99
ริมถนน,11,99
กับข้าว,11,99
ซา,11,99
สะสม,11,99
ชาม,11,99
ซี,10,99
พง,10,99
ปล,10,99
นิดเดียว,10,99
ต้นไม้,10,99
วิ่ง,10,99
สัง,10,99
เกตุ,10,99
จอง,10,99
สต,10,99
สม,10,99
สวัสดี,10,99
สะดวก,10,99
เซ,10,99
เดี๋ยว,10,99
เอาเป็นว่า,10,99
ใบ,10,99
ได้ยิน,10,99
วิจารณ์,10,99
โปรด,10,99
ปั้ม,10,99
ล้าง,10,99
งา,10,99
รู้จัก,10,99
เอกมัย,10,99
ซ่า,10,99
รีบ,10,99
ไต้หวัน,10,99
บดี,10,99
วัด,10,99
ร้า,10,99
เค,10,99
ชนิด,10,99
ให้ได้,10,99
หิน,10,99
ก้อน,10,99
ผง,10,99
สงสัย,10,99
wifi,10,99
12,10,99
พอได้,10,99
พระราชวัง,10,99
อาคาร,10,99
น้ำมัน,10,99
มอคค่า,10,99
เกี๊ยว,10,99
สดใส,10,99
ท้อง,10,99
ความหวาน,10,99
คาที่,10,99
แกงเขียวหวาน,10,99
น่ากิน,10,99
ชวน,10,99
กล่อง,10,99
ผ่า,10,99
ซอ,10,99
บด,10,99
โบ,10,99
ดำ,10,99
ส์,10,99
80,10,99
คุณแม่,10,99
สั่งอาหาร,10,99
อาหารเช้า,10,99
คั่ว,10,99
ติ่มซำ,10,99
น้ำพริก,10,99
วาซาบิ,10,99
แกงส้ม,10,99
มีความสุข,9,99
คาว,9,99
วุ้นเส้น,9,99
แนะ,9,99
กาแฟเย็น,9,99
ชื่นใจ,9,99
ร่มรื่น,9,99
Captain,9,99
Ton,9,99
กลางวัน,9,99
ผักโขม,9,99
รถไฟฟ้า,9,99
อีกที,9,99
เชียว,9,99
น่าจะเป็น,9,99
เข้,9,99
ตลาด,9,99
ไก่ย่าง,9,99
ตู้,9,99
ละเอียด,9,99
จบ,9,99
ประเภท,9,99
ยู,9,99
คนละ,9,99
บ่าย,9,99
หรู,9,99
น่าสนใจ,9,99
แผ่น,9,99
แฟน,9,99
สาย,9,99
กรุบ,9,99
เชียงใหม่,9,99
จำได้,9,99
ดูด,9,99
คอย,9,99
tea,9,99
ลองดู,9,99
อ่านหนังสือ,9,99
เงิน,9,99
25,9,99
Review,9,99
ข้อความ,9,99
พนักงานบริการ,9,99
ห่อ,9,99
เซ็นทรัล,9,99
ข้างใน,9,99
ทุ่ม,9,99
ด์,9,99
เเล้ว,9,99
แบ,9,99
ตอนที่,9,99
หรอก,9,99
ชาบู,9,99
พัน,9,99
ฟู๊ด,9,99
บ้านไร่,9,99
เมตร,9,99
ข้าวแกง,9,99
เยี่ยม,8,99
ตบท้าย,8,99
ยี่ห้อ,8,99
ไข่เค็ม,8,99
ไหว,8,99
อุ่น,8,99
กด,8,99
แทน,8,99
สีแดง,8,99
กันที่,8,99
ครัว,8,99
คุ้นเคย,8,99
ซิ,8,99
ตรงกลาง,8,99
ติดตาม,8,99
ทาร์,8,99
บาร์,8,99
มะเขือเทศ,8,99
ม่อน,8,99
สถานี,8,99
เด้ง,8,99
เทศกาล,8,99
150,8,99
ชัดเจน,8,99
โทน,8,99
ชื่อว่า,8,99
ด้านล่าง,8,99
โอ้,8,99
เบอร์,8,99
สถานที่,8,99
เร,8,99
ขวด,8,99
ราช,8,99
สัน,8,99
ราว,8,99
เสาร์,8,99
เอกลักษณ์,8,99
โทร,8,99
ยยย,8,99
ปัง,8,99
200,8,99
ฟัง,8,99
หมู่บ้าน,8,99
ห่าง,8,99
นิมมาน,8,99
ลูกชิ้น,8,99
ฝน,8,99
เพ,8,99
เดินผ่าน,8,99
ลม,8,99
ปลาช่อน,8,99
เพลง,8,99
ปานกลาง,8,99
มิลค์,8,99
at,8,99
ความไม่พอใจ,8,99
ส่วนบุคคล,8,99
หนี,8,99
สับ,8,99
ดัน,8,99
เลี้ยง,8,99
พระราม,8,99
มาม่า,8,99
เออ,8,99
โปร่ง,8,99
สังเกต,8,99
อากาศ,8,99
รสจัด,8,99
สู้,8,99
เยิ้ม,8,99
ควัน,8,99
น่อง,8,99
เเต่,8,99
โปะ,8,99
จุดเด่น,8,99
แสน,8,99
สเต็ก,8,99
หมึก,8,99
ทานอาหาร,8,99
79,8,99
ร่า,8,99
in,8,99
ความรู้สึก,8,99
โชคดี,8,99
85,8,99
ซ้ำ,8,99
ฮอง,8,99
กิมจิ,8,99
รังนก,8,99
เจลลี่,8,99
เดิม,7,99
Coffee,7,99
พูดจา,7,99
อิตาเลียน,7,99
พื้น,7,99
มาหา,7,99
มีชื่อ,7,99
com,7,99
ซอสมะเขือเทศ,7,99
ซูชิ,7,99
ท๊อป,7,99
ผักสด,7,99
ยัน,7,99
ลอดช่อง,7,99
เปล่า,7,99
เรียง,7,99
เหล้า,7,99
ให้บริการ,7,99
ความเห็นส่วนตัว,7,99
เป็นพิเศษ,7,99
เย็นสบาย,7,99
ทา,7,99
ทอง,7,99
เว่อร์,7,99
ทรู,7,99
ถัดมา,7,99
ทางเลือก,7,99
ปลาร้า,7,99
มะละกอ,7,99
ริม,7,99
แจ่ว,7,99
สมูทตี้,7,99
สิบ,7,99
ไซ,7,99
ได้กลิ่น,7,99
รอง,7,99
หลายชนิด,7,99
หยิบ,7,99
ดนตรี,7,99
เริ่มต้น,7,99
19,7,99
ตุ๋น,7,99
ชุ่ม,7,99
ซู,7,99
เมล็ด,7,99
ข้าม,7,99
สุดยอด,7,99
เบื่อ,7,99
อ้วน,7,99
วาฟเฟิล,7,99
สนใจ,7,99
ไท,7,99
ข้าวคั่ว,7,99
แพ้,7,99
นั่งเล่น,7,99
โปร,7,99
ซุ้ม,7,99
อเมริกา,7,99
เงียบ,7,99
ล่วงหน้า,7,99
โดยส่วนตัว,7,99
ข้าวห่อ,7,99
ตัวเอง,7,99
ช็อก,7,99
5555,7,99
น้ำเปล่า,7,99
ไวน์,7,99
size,7,99
ครอบครัว,7,99
ดิบ,7,99
ตั้งใจ,7,99
ต่อมา,7,99
ตตี้,7,99
อีกครั้ง,7,99
ยืน,7,99
ลิ้มลอง,7,99
เจียว,7,99
ธรรมชาติ,7,99
หมวด,7,99
sauce,7,99
ลงมา,7,99
BTS,7,99
เสี่ยง,7,99
ชาเย็น,7,99
ให้ทาน,7,99
แหะ,7,99
คัพ,7,99
เคา,7,99
กินที่,7,99
นอน,7,99
ศูนย์,7,99
แย่,7,99
เกล็ด,7,99
แอ๊ปเปิ้ล,7,99
รร,7,99
ชุด,7,99
ดิชั้น,7,99
สุขภาพ,7,99
ดีล,7,99
ฝา,7,99
พิซซ่า,7,99
Cha,7,99
กุ้ง,7,99
กาแฟร้อน,6,99
of,6,99
ไอ,6,99
งั้น,6,99
ลาย,6,99
หมูสามชั้น,6,99
อล,6,99
โอกาส,6,99
เวียดนาม,6,99
ทำเป็น,6,99
ทุกท่าน,6,99
บุฟเฟต์,6,99
ร์,6,99
สมราคา,6,99
สุ,6,99
อืม,6,99
ความคุ้มค่า,6,99
เก้า,6,99
เรียบร้อย,6,99
ไว,6,99
พอใช้ได้,6,99
มดี,6,99
แช่,6,99
แตก,6,99
โลตัส,6,99
เฉาก๊วย,6,99
เยลลี่,6,99
ข้างทาง,6,99
ตับ,6,99
คลาย,6,99
จังหวัด,6,99
ซ้าย,6,99
บา,6,99
เลี้ยวซ้าย,6,99
ชาติ,6,99
บัตร,6,99
พ้น,6,99
แปลกใจ,6,99
ทานข้าว,6,99
วัฒนธรรม,6,99
ความสะอาด,6,99
พร,6,99
แมค,6,99
ดูดี,6,99
ซด,6,99
เนื้อสัตว์,6,99
โชว์,6,99
เขต,6,99
แหม่ม,6,99
โชค,6,99
โรงพยาบาล,6,99
ออกจาก,6,99
อาหารคาว,6,99
ฟิวชั่น,6,99
มะขาม,6,99
โลก,6,99
ชื่อดัง,6,99
ญาติ,6,99
วง,6,99
ด้านหลัง,6,99
Strawberry,6,99
จิ,6,99
ฝากท้อง,6,99
April,6,99
ภาพ,6,99
เปลี่ยนไป,6,99
สงบ,6,99
latte,6,99
ลักษณะ,6,99
The,6,99
ลำบาก,6,99
ต่างกัน,6,99
รับประทาน,6,99
ตรงนี้,6,99
ถูกปาก,6,99
อาศัย,6,99
รู,6,99
ล่า,6,99
สนนราคา,6,99
ยุ,6,99
ข้าวต้ม,6,99
ภูเก็ต,6,99
สัมผัส,6,99
90,6,99
ไม่งั้น,6,99
แทบจะ,6,99
เปลือก,6,99
โล,6,99
ดั้งเดิม,6,99
มั้ง,6,99
นับว่า,6,99
เลิก,6,99
บวก,6,99
ใจ,6,99
ปน,6,99
39,6,99
สายพาน,6,99
ปรับปรุง,6,99
มะเขือ,6,99
ลาน,6,99
ค่ำ,6,99
ออเดอร์,6,99
ทรงเครื่อง,6,99
เซต,6,99
กรอ,6,99
ฮ่องกง,6,99
เสียบ,6,99
ฐาน,6,99
ลิ้นจี่,6,99
เอ,6,99
อด,6,99
เซ็ต,6,99
ข้อมูล,6,99
ปีก,6,99
ไข่หวาน,6,99
แต้ม,6,99
เหมือนเดิม,6,99
สาหร่าย,6,99
ซิม,6,99
ครู,6,99
เรือน,6,99
เป็นประจำ,5,99
ลอน,5,99
งี้,5,99
บรรยาย,5,99
หม้อ,5,99
หาย,5,99
อยากรู้,5,99
เข้าเนื้อ,5,99
เครื่องเทศ,5,99
ตื่น,5,99
ถุง,5,99
สะใจ,5,99
เหมาะสม,5,99
สะดุดตา,5,99
เกล้า,5,99
Signature,5,99
กินข้าว,5,99
ครั้งหน้า,5,99
คลา,5,99
ตามใจ,5,99
น้ำดื่ม,5,99
ระวัง,5,99
รัก,5,99
ละลาย,5,99
ลี่,5,99
สำรวจ,5,99
อัด,5,99
อีกหน่อย,5,99
เนอะ,5,99
เม๊ก,5,99
โน,5,99
ให้คะแนน,5,99
ไปเที่ยว,5,99
ไวท์,5,99
Starbucks,5,99
ขายของ,5,99
ที่อื่น,5,99
ลาดพร้าว,5,99
ล้างรถ,5,99
หวง,5,99
cake,5,99
ท์,5,99
หล่อ,5,99
หัวมุม,5,99
เมเจอร์,5,99
101,5,99
เยื้อง,5,99
ดังนั้น,5,99
วัยรุ่น,5,99
สมูตตี้,5,99
สยาม,5,99
เนื้อหมู,5,99
เป็นตัว,5,99
เลือด,5,99
เวิร์ก,5,99
แซ่,5,99
ไม,5,99
ไต,5,99
ชอค,5,99
แบรนด์,5,99
คับ,5,99
เย,5,99
มะพร้าวอ่อน,5,99
ทีเด็ด,5,99
รึเปล่า,5,99
ขึ้นชื่อ,5,99
ซีอิ๊ว,5,99
ต้นตำรับ,5,99
ถือเป็น,5,99
เมีย,5,99
Original,5,99
glazed,5,99
นาที,5,99
ป่าว,5,99
ห้า,5,99
อ้อม,5,99
เดือน,5,99
กลัว,5,99
แห,5,99
กทม,5,99
ขลัง,5,99
จันทร์,5,99
ช็อคโกแลต,5,99
มง,5,99
จุฬา,5,99
นิว,5,99
ปา,5,99
ไปดู,5,99
รองท้อง,5,99
หลายครั้ง,5,99
เปลี่ยนเป็น,5,99
อบอุ่น,5,99
เหลือง,5,99
มะ,5,99
ชอก,5,99
ทาวน์,5,99
เป็นช่วง,5,99
ละแวก,5,99
สะดวกสบาย,5,99
เปรี๊ยว,5,99
ดิ,5,99
พอประมาณ,5,99
Big,5,99
ย้อนยุค,5,99
ผักบุ้ง,5,99
ไหล,5,99
ผู้คน,5,99
เกร็ด,5,99
แวะเวียน,5,99
free,5,99
Matcha,5,99
แยม,5,99
โดนใจ,5,99
เสียง,5,99
ชลบุรี,5,99
สัปปะรด,5,99
ดา,5,99
ผนัง,5,99
ปั๊ม,5,99
อืด,5,99
ละมุน,5,99
ของเก่า,5,99
ติดแอร์,5,99
ทีวี,5,99
ประตู,5,99
ที่สอง,5,99
สลัดผลไม้,5,99
เบคอน,5,99
ลึก,5,99
and,5,99
แปล,5,99
ตามใจชอบ,5,99
ตี่,5,99
โรยหน้า,5,99
เดินเล่น,5,99
เสมอ,5,99
เพรา,5,99
ชั้นสอง,5,99
ข้าวโพด,5,99
มะพร้าว,5,99
หมี่,5,99
มละ,5,99
แลก,5,99
ไซส์,5,99
กอง,5,99
วุ่นวาย,5,99
คลาสสิค,5,99
เก็ต,5,99
49,5,99
เตา,5,99
เทพ,5,99
สมุนไพร,5,99
ชาร้อน,5,99
ตอนกลางคืน,5,99
แย่มาก,5,99
ขายดี,5,99
กับแกล้ม,5,99
เพดาน,5,99
topping,5,99
ยิ้มแย้ม,5,99
24,5,99
สักพัก,5,99
ข้างนอก,5,99
ตาย,5,99
บะหมี่,5,99
เข็ง,5,99
แรง,5,99
อิน,5,99
ตะไคร้,5,99
เที่ยว,5,99
แม่น้ำ,5,99
500,5,99
เลิศ,5,99
หมี,5,99
ลัง,5,99
ประดับ,5,99
ยุโรป,5,99
พน,5,99
เสฉวน,5,99
บุฟเฟ่ต์,5,99
ดูแล,5,99
พาสต้า,5,99
ด่าน,5,99
ปลาดิบ,5,99
แตงกวา,5,99
เจ้าหน้าที่,5,99
เนื้อไก่,5,99
แหนม,5,99
โรแมนติก,5,99
บ่น,5,99
โกะ,5,99
มาตรา,5,99
ท่ี,5,99
ระยอง,5,99
ปากน้ำ,5,99
เม้ง,5,99
สีลม,5,99
เซ็ท,5,99
250,5,99
ปาง,5,99
คิ,4,99
มัค,4,99
โต้,4,99
กินน้ำ,4,99
นานา,4,99
หันมา,4,99
อาหารจีน,4,99
อาหารทะเล,4,99
เด็ดขาด,4,99
ไทยดำ,4,99
ตัวเลือก,4,99
นํ้า,4,99
โจ๊ก,4,99
ปิ่น,4,99
รั้ว,4,99
facebook,4,99
ด๊ะ,4,99
ตามมา,4,99
ถ่าย,4,99
บลู,4,99
ปุ๊,4,99
ผู้ช่วย,4,99
ยาม,4,99
รสเปรี้ยว,4,99
วิน,4,99
หน้าต่าง,4,99
เปรี้ยวหวาน,4,99
เมื่อกี้,4,99
ไลน์,4,99
ไล่,4,99
Americano,4,99
blend,4,99
ความเห็น,4,99
หัวข้อ,4,99
เฉลี่ย,4,99
เชียงราย,4,99
เดี๋ยวนี้,4,99
เหมืิอน,4,99
ให้อภัย,4,99
ตรงไหน,4,99
แม่บ้าน,4,99
จ๊ะจ๋า,4,99
สถาน,4,99
พนักงานต้อนรับ,4,99
ร่วน,4,99
สะอาดสะอ้าน,4,99
เรียงราย,4,99
แม่เจ้า,4,99
กีวี,4,99
พลัง,4,99
เอ็ม,4,99
ขนมเค้ก,4,99
โรงเรียน,4,99
สตาร์,4,99
หก,4,99
อลังการ,4,99
Chef,4,99
110,4,99
คาปูชิโน,4,99
มะตูม,4,99
โป้,4,99
ตอนบ่าย,4,99
ต้องหา,4,99
รายละเอียด,4,99
หนังสือ,4,99
เสริม,4,99
0,4,99
where,4,99
มุ่งหน้า,4,99
ออกจะ,4,99
โดยประมาณ,4,99
ยย,4,99
สีส้ม,4,99
กัด,4,99
คิดถึง,4,99
ตึกแถว,4,99
เหนียวหนึบ,4,99
แสบ,4,99
โดนัท,4,99
หลอด,4,99
ตามสบาย,4,99
กุ,4,99
มนต์,4,99
รถพระที่นั่ง,4,99
แต่ละวัน,4,99
กี,4,99
ขา,4,99
มากเกินไป,4,99
บาริสต้า,4,99
อ่อนนุช,4,99
เกรียม,4,99
ผ่อนคลาย,4,99
อิตาเลี่ยน,4,99
ฉีก,4,99
บรม,4,99
ช่วงเวลา,4,99
บาย,4,99
พลุกพล่าน,4,99
มัท,4,99
คุง,4,99
เสาวรส,4,99
คอนโด,4,99
รับได้,4,99
นัด,4,99
พัด,4,99
ลอยแก้ว,4,99
ติ,4,99
นุ่มนวล,4,99
ภูเขาไฟ,4,99
วิธี,4,99
หว่า,4,99
เป็นใจ,4,99
สินค้า,4,99
เคาน์เตอร์,4,99
ซี่โครง,4,99
พักผ่อน,4,99
Thai,4,99
มือ,4,99
ice,4,99
อ่อ,4,99
ของฝาก,4,99
ฝอยทอง,4,99
เก่าแก่,4,99
เข้ากันได้ดี,4,99
เย็นตาโฟ,4,99
Dakasi,4,99
พระที่นั่ง,4,99
หอมกรุ่น,4,99
ซะงั้น,4,99
ตัดสินใจ,4,99
ทางเข้า,4,99
พันธุ์,4,99
มองเห็น,4,99
ยังกะ,4,99
ระเบียง,4,99
หลับ,4,99
เหอ,4,99
ไปหา,4,99
ไฟ,4,99
ถึงใจ,4,99
กระดูก,4,99
ตี,4,99
วัตถุดิบ,4,99
สีชมพู,4,99
อึดอัด,4,99
แกล้ม,4,99
ทิ้ง,4,99
จา,4,99
bakery,4,99
ระหว่างทาง,4,99
Hungry,4,99
กะหรี่,4,99
คอน,4,99
ชีลาว,4,99
บีบ,4,99
ปิดท้าย,4,99
อยากได้,4,99
เส้นใหญ่,4,99
Topping,4,99
กินใน,4,99
ลดราคา,4,99
แปลกใหม่,4,99
ที่ทำงาน,4,99
พัทยา,4,99
สีเหลือง,4,99
เมล,4,99
จำกัด,4,99
ดีแต่,4,99
ผู้จัดการ,4,99
300,4,99
จำนวน,4,99
นะจ๊ะ,4,99
ยื่น,4,99
180,4,99
Little,4,99
ไม่ขาดสาย,4,99
ฟรั่ง,4,99
ค์,4,99
ผู้หญิง,4,99
Spaghetti,4,99
คนไทย,4,99
ฟักทอง,4,99
หลังจากที่,4,99
ขวา,4,99
คาร์,4,99
ไข่ดาว,4,99
บัก,4,99
ได้ใจ,4,99
ต้อนรับ,4,99
นิยม,4,99
อิ,4,99
เหมือนกับ,4,99
ทั้งวัน,4,99
บางคน,4,99
ชาย,4,99
ฟู,4,99
คลุก,4,99
ตกใจ,4,99
ดึก,4,99
ข้าวมันไก่,4,99
ของกิน,4,99
สถานีรถไฟ,4,99
หลาก,4,99
Tea,4,99
ความน่ารัก,4,99
หมูยอ,4,99
ลาวา,4,99
มันดี,4,99
เล่า,4,99
ผสมผสาน,4,99
โมจิ,4,99
บางนา,4,99
ปุระ,4,99
งอ,4,99
ดอก,4,99
แย่ง,4,99
pork,4,99
set,4,99
เซ็ง,4,99
ทำอาหาร,4,99
ฟอง,4,99
ย้ำ,4,99
Tower,4,99
ฮี,4,99
เครื่องเคียง,4,99
คะน้า,4,99
เขี่ย,4,99
เนือง,4,99
ติดกัน,4,99
เวอร์,4,99
วันอาทิตย์,4,99
เจ,4,99
ส่ัง,4,99
ลำไย,4,99
กระหาย,4,99
Type,4,99
คาด,4,99
มันแกว,4,99
ป่า,4,99
น่าน,4,99
เลี้ยวขวา,4,99
บ่อ,4,99
ปลูก,4,99
โปงลาง,4,99
MK,4,99
แฟ,4,99
ร่างกาย,4,99
แหล,4,99
เครื่องแกง,4,99
course,4,99
สมุทร,4,99
นิค,4,99
ผักสลัด,4,99
อ้ะ,4,99
อัสสัม,3,99
โซ่,3,99
ก้น,3,99
จี๊ดจ๊าด,3,99
ทีหลัง,3,99
ปูม้า,3,99
รวมมิตร,3,99
หยุด,3,99
เสียงดัง,3,99
แข่ง,3,99
ก๋วยจั๊บ,3,99
ตอนเช้า,3,99
ต่อให้,3,99
เจ๊,3,99
เต้าหู้,3,99
ค้า,3,99
รพ,3,99
แม่ครัว,3,99
56,3,99
CaptainTonEatTravel,3,99
www,3,99
ขนมไทย,3,99
ข้าวสวย,3,99
จองที่,3,99
จิ๋ว,3,99
ชุ่มฉ่ำ,3,99
ตกลง,3,99
ตอบ,3,99
มายองเนส,3,99
มิยา,3,99
รสเค็ม,3,99
ร้อง,3,99
วน,3,99
สมัน,3,99
สส,3,99
เกรงใจ,3,99
เน,3,99
ได้มาตรฐาน,3,99
ข้อสรุป,3,99
คู่แข่ง,3,99
ชนะ,3,99
หมายเหตุ,3,99
เอาใจช่วย,3,99
ถอด,3,99
ถึงที่,3,99
เท้า,3,99
กระดูกอ่อน,3,99
เผ็ดร้อน,3,99
Brownie,3,99
Pie,3,99
คิดเงิน,3,99
พัฒนาการ,3,99
หม่ำ,3,99
57,3,99
กระเพาะ,3,99
น้ำหวาน,3,99
อัพ,3,99
เรียน,3,99
ไซท์,3,99
ไหม,3,99
จุ่ม,3,99
ช้าง,3,99
ตอนเย็น,3,99
ทุ,3,99
นิล,3,99
พิกัด,3,99
ย้อน,3,99
รถเข็น,3,99
เลาะ,3,99
แครง,3,99
โค้ก,3,99
ช้อน,3,99
รบ,3,99
อนุ,3,99
เต็มที่,3,99
เต้,3,99
แอนด์,3,99
ดื่มได้,3,99
รมควัน,3,99
โคน,3,99
ตะเกียบ,3,99
ตุ่น,3,99
วดี,3,99
ประหยัด,3,99
165,3,99
Honey,3,99
จับได้,3,99
ชัด,3,99
ช่าง,3,99
ตอนดึก,3,99
ปรากฎ,3,99
ยะ,3,99
ลิ,3,99
ฮัน,3,99
ใส่ใจ,3,99
ขนาดใหญ่,3,99
คูหา,3,99
ตำลึง,3,99
นารายณ์,3,99
พ่อ,3,99
ความสดชื่น,3,99
การันตี,3,99
ขนุน,3,99
ชงกาแฟ,3,99
น้ำกะทิ,3,99
ความสุข,3,99
นอกเมือง,3,99
บ้า,3,99
ปล่อย,3,99
หนุ่ม,3,99
รถติด,3,99
หนาว,3,99
หันไป,3,99
อวบ,3,99
เหนื่อย,3,99
แตะ,3,99
ด่วน,3,99
นึกได้,3,99
พักเที่ยง,3,99
ศุกร์,3,99
หมุนเวียน,3,99
ชาวต่างชาติ,3,99
ช่วยกัน,3,99
สาคู,3,99
แปะ,3,99
รางวัล,3,99
อาร์ต,3,99
Green,3,99
แต่ละคน,3,99
drip,3,99
700,3,99
ของโปรด,3,99
ชนนี,3,99
ดารา,3,99
ทราบ,3,99
ทำได้,3,99
มอลล์,3,99
เดอะ,3,99
ช่อง,3,99
ทาวเวอร์,3,99
ยกเว้น,3,99
ธุระ,3,99
พลาสติก,3,99
โป,3,99
ฉะ,3,99
บร,3,99
ลานจอดรถ,3,99
ปัญหา,3,99
พิมาน,3,99
ฟังเพลง,3,99
ย้าย,3,99
tart,3,99
Ochaya,3,99
หยุ่น,3,99
ตัวอาคาร,3,99
มิตรภาพ,3,99
วี,3,99
Cafe,3,99
ประเทศ,3,99
สนุก,3,99
เกาะ,3,99
เรียบง่าย,3,99
โค้ง,3,99
เอ๊ะ,3,99
42,3,99
brownie,3,99
green,3,99
lemon,3,99
milk,3,99
งบ,3,99
ปอ,3,99
หลบ,3,99
กลม,3,99
ตอนนั้น,3,99
ทำบุญ,3,99
เค๊า,3,99
13,3,99
http,3,99
กลิ่นไอ,3,99
รัชกาล,3,99
ขาเข้า,3,99
ก่อนที่,3,99
ปีกไก่,3,99
ศาลา,3,99
หลง,3,99
อยู่เลย,3,99
เครื่องบิน,3,99
285,3,99
ดอง,3,99
ติ๊ก,3,99
ทั้งคู่,3,99
พาร์มา,3,99
ยืด,3,99
รน,3,99
สิริ,3,99
อก,3,99
เสต็ก,3,99
โอย,3,99
ความนิยม,3,99
ถ้วน,3,99
ลัด,3,99
เจอกัน,3,99
เห็นด้วย,3,99
ใกล้เคียง,3,99
คันทรี,3,99
ตอนค่ำ,3,99
ตัวเล็ก,3,99
ี่,3,99
zone,3,99
คนใน,3,99
ชั้นเดียว,3,99
นวล,3,99
บางอย่าง,3,99
ฝรั่งเศส,3,99
รุ,3,99
หมายถึง,3,99
เหรอ,3,99
โอม,3,99
Thirsty,3,99
ความหิว,3,99
ทัวร์,3,99
รัชต,3,99
ร่วมกับ,3,99
ล้อม,3,99
วานิลลา,3,99
สำนักงาน,3,99
เพียบ,3,99
เฟอร์นิเจอร์,3,99
โมเดิร์น,3,99
95,3,99
รักษา,3,99
เกี้ยว,3,99
เป้,3,99
แคนยอน,3,99
ใช้เวลา,3,99
wongnai,3,99
กระเทียมหอม,3,99
ชล,3,99
ตามรอย,3,99
พัดลม,3,99
มอเตอร์เวย์,3,99
วันหยุด,3,99
ควรจะ,3,99
ชาวบ้าน,3,99
cream,3,99
pie,3,99
กลบ,3,99
การนำ,3,99
ความขม,3,99
เป็นมิตร,3,99
เกาเหลา,3,99
ที่ผ่านมา,3,99
บิน,3,99
มั่ว,3,99
หรือว่า,3,99
ไม่ได้เรื่อง,3,99
ดีจริง,3,99
พะโล้,3,99
เฉียบ,3,99
ชุมชน,3,99
ตัง,3,99
อยู่ดี,3,99
ช็อค,3,99
กะทะ,3,99
ของสด,3,99
ชมพู,3,99
ม่วง,3,99
ระบบ,3,99
ลอย,3,99
หลาน,3,99
แว๊บ,3,99
โฆษณา,3,99
Cream,3,99
Homemade,3,99
Italian,3,99
Main,3,99
Sauce,3,99
white,3,99
กะพง,3,99
คืน,3,99
ดัดแปลง,3,99
บรรดา,3,99
ฟู้ด,3,99
ยักษ์,3,99
โยเกิร์ต,3,99
ลุก,3,99
ท่า,3,99
ริมน้ำ,3,99
ตามแบบฉบับ,3,99
น้ำอัดลม,3,99
ยุ่น,3,99
หม้อไฟ,3,99
21,3,99
นักศึกษา,3,99
น้า,3,99
อินเตอร์,3,99
โถ,3,99
ร่ำ,3,99
ถู,3,99
ลี,3,99
เมา,3,99
โอวัลติน,3,99
ตลาดน้ำ,3,99
แผงลอย,3,99
คุกกี้,3,99
ดับ,3,99
ไซรัป,3,99
โฮมโปร,3,99
1100,3,99
ราคาแพง,3,99
หนุบหนับ,3,99
กระเพาะปลา,3,99
ตกปลา,3,99
ที่ทาง,3,99
ล่ำ,3,99
วันเกิด,3,99
อาสา,3,99
หากิน,3,99
รวมไปถึง,3,99
ฝีมือ,3,99
ดอย,3,99
ตุ๊กตา,3,99
ชั้นใต้ดิน,3,99
มอ,3,99
Lemon,3,99
ฉ่ำ,3,99
ทาร์ต,3,99
ทิ,3,99
ผิว,3,99
แทรก,3,99
สังขยา,3,99
Japan,3,99
Larb,3,99
you,3,99
ข้าวปั้น,3,99
โซะ,3,99
ไข่ต้ม,3,99
กะทิ,3,99
คำถาม,3,99
คูปอง,3,99
ปุ๊บ,3,99
สุข,3,99
อุดม,3,99
steak,3,99
บุ,3,99
แขก,3,99
ทยอย,3,99
ศรีราชา,3,99
เนิน,3,99
chop,3,99
หักคะแนน,3,99
cheese,3,99
ทางด่วน,3,99
น้ำร้อน,3,99
มาส,3,99
บะ,3,99
ซาบะ,3,99
ส๊า,3,99
เป็นหนึ่ง,3,99
โช,3,99
Milk,3,99
สุกี้,3,99
ส้มโอ,3,99
เสียเวลา,3,99
ดับเบิ้ล,3,99
สมา,3,99
ข้าวอบ,3,99
หวานเย็น,3,99
หิมะ,3,99
เบอร์โทรศัพท์,3,99
ไข่เจียว,3,99
ปีใหม่,3,99
สวีท,3,99
ผึ้ง,3,99
แหล่ง,3,99
เป็นครั้งแรก,3,99
แซบ,3,99
แมงดา,3,99
ส่วนลด,3,99
อุ๋ม,3,99
คนซื้อ,3,99
ความร้อน,3,99
ดอลลี่,3,99
เกาหลี,3,99
เวป,3,99
Silom,3,99
ทั่วถึง,3,99
Almond,3,99
Pearl,3,99
โรตี,3,99
ว๊าก,3,99
บล็อก,3,99
สมุด,3,99
ไข่ปลา,3,99
ราดหน้า,3,99
แคนตาลูป,3,99
การบริหาร,3,99
เป็นหลัก,3,99
โรงงาน,3,99
โรงหนัง,3,99
กะปิ,3,99
กระติบ,3,99
ทางขวามือ,3,99
น่ากลัว,3,99
แกะ,3,99
เวลาเปิด,3,99
ล้างปาก,3,99
นุ่ม,3,99
พิมพ์,3,99
ชั้นล่าง,3,99
เบิ้ล,3,99
1700,3,99
net,3,99
อังกฤษ,3,99
recommend,3,99
ชาววัง,3,99
น่าประทับใจ,3,99
คอนแวนต์,3,99
รนด,3,99
โรค,3,99
รู้เรื่อง,3,99
Black,3,99
Canyon,3,99
นำเสนอ,3,99
ที่พัก,3,99
ตอนกลางวัน,3,99
คัน,3,99
ปัน,3,99
ก่อนอื่น,3,99
Mango,3,99
by,3,99
ร้่าน,3,99
หัก,3,99
ขอน,3,99
ดาร,3,99
สะตอ,3,99
Macchiato,2,99
ความคิด,2,99
เฟล,2,99
Art,2,99
อัธยาศัย,2,99
อุดหนุน,2,99
เพรส,2,99
ไอซ์,2,99
กร๊อบ,2,99
จ้น,2,99
จ้ิม,2,99
ริ์ฟ,2,99
เกลี้ยง,2,99
เจ้,2,99
เยิ่ม,2,99
เลท,2,99
แค,2,99
แจ่ม,2,99
กค,2,99
ข่าว,2,99
มุง,2,99
รับหน้า,2,99
อั้น,2,99
ข้างน้อย,2,99
สั้ง,2,99
สำเร็จ,2,99
หยด,2,99
แชร์,2,99
แต่งตัว,2,99
จรัญ,2,99
ด้าย,2,99
พุธ,2,99
แบงค์,2,99
FENIX,2,99
Hawaiian,2,99
LE,2,99
PR,2,99
Wongnai,2,99
คัส,2,99
ชน,2,99
ชั้นเยี่ยม,2,99
ชิน,2,99
ด้วยซ้ำ,2,99
ตค,2,99
บิล,2,99
ฝาก,2,99
มก,2,99
มะม่วงหิมพานต์,2,99
มาร,2,99
ม๊าก,2,99
รามอินทรา,2,99
ร์ต,2,99
ลิฟต์,2,99
สมาชิก,2,99
สับปะรด,2,99
ห้องอาหาร,2,99
ออกเดินทาง,2,99
ออเดิร์ฟ,2,99
อ้าว,2,99
เชิญ,2,99
เดินลง,2,99
เด็กเสิร์ฟ,2,99
เตรียม,2,99
เมื่อย,2,99
เหม็น,2,99
แสง,2,99
โร,2,99
ค้าง,2,99
ส่วนหนึ่ง,2,99
ทะลุ,2,99
สาร,2,99
โอเพ่น,2,99
นที,2,99
น้ำตาไหล,2,99
บ่งบอกถึง,2,99
มน,2,99
หนอง,2,99
เก่ง,2,99
เลี่ยง,2,99
38,2,99
ข้อเสีย,2,99
Cheesecake,2,99
Crumble,2,99
Mocha,2,99
ทั้งน้าน,2,99
ประกอบด้วย,2,99
Happy,2,99
ต์,2,99
บูล,2,99
สัญชาติ,2,99
หมดเขต,2,99
กุ้งแห้ง,2,99
ซั่ว,2,99
ตรงหน้า,2,99
ถัง,2,99
เซเว่น,2,99
เต็มปากเต็มคำ,2,99
เทวี,2,99
เท่าที่ควร,2,99
เปื้อน,2,99
เหม็นหืน,2,99
เอเชีย,2,99
แปด,2,99
-cake,2,99
ขน,2,99
ชิด,2,99
ตัวเมือง,2,99
นคร,2,99
นิช,2,99
พรหม,2,99
ย์,2,99
วา,2,99
ศรีอยุธยา,2,99
อยุธยา,2,99
เปิ้ล,2,99
รล,2,99
อยู่ในเกณฑ์,2,99
เครือ,2,99
มีผล,2,99
หัน,2,99
เผลอ,2,99
บลูเบอร์รี่,2,99
ปลั๊กไฟ,2,99
แออัด,2,99
น้ำชา,2,99
อาหารว่าง,2,99
พอกับ,2,99
รื่ิอง,2,99
เท่านั้นเอง,2,99
Toast,2,99
syrup,2,99
toast,2,99
ขัด,2,99
นะเนี่ย,2,99
สวรรค์,2,99
อะนะ,2,99
เล่ม,2,99
แหม,2,99
แฮะ,2,99
14,2,99
ก่อ,2,99
ลึกลับ,2,99
ต้องห้าม,2,99
ถาด,2,99
รีม,2,99
เอาใจ,2,99
คนแนะนำ,2,99
รีสอร์ท,2,99
ใส่ไข่,2,99
ธนาคาร,2,99
ป่น,2,99
สามแยก,2,99
หมอ,2,99
KK,2,99
กิว,2,99
งอน,2,99
ร่อ,2,99
ววว,2,99
ว์,2,99
สาวก,2,99
อย,2,99
อ่า,2,99
เข้าเรื่อง,2,99
เรย,2,99
เหาะ,2,99
แจก,2,99
แต่ยังไง,2,99
ช็อคโกแล็ต,2,99
หุ่น,2,99
กระทัดรัด,2,99
ขายเครื่องดื่ม,2,99
ผลิตภัณฑ์,2,99
ปฏิเสธ,2,99
1900,2,99
ผลัดเปลี่ยน,2,99
มงกุฎ,2,99
มายัง,2,99
มูส,2,99
ราชวิถี,2,99
สายตา,2,99
เล็ง,2,99
แขวง,2,99
โท,2,99
Dessert,2,99
ฤดูกาล,2,99
สังเกตว่า,2,99
หิ้ว,2,99
เต๋า,2,99
จับจอง,2,99
ฉลอง,2,99
หืน,2,99
ไหม้,2,99
Salmon,2,99
salad,2,99
คู่รัก,2,99
iced,2,99
original,2,99
special,2,99
syphon,2,99
ระบุ,2,99
การ์ตูน,2,99
ทน,2,99
บอส,2,99
บางแค,2,99
สบายดี,2,99
เป็นแนว,2,99
นนท์,2,99
มั,2,99
มาลี,2,99
สอบ,2,99
เอย,2,99
แฮ,2,99
มือถือ,2,99
ครก,2,99
ห่อหมก,2,99
เริ่ด,2,99
ชะ,2,99
ดีไซน์,2,99
เกียวโต,2,99
stb,2,99
ม่,2,99
สต้า,2,99
เป็นไง,2,99
Big-C,2,99
Kung,2,99
New,2,99
ตาสว่าง,2,99
บันไดเลื่อน,2,99
เมนูหลัก,2,99
starbucks,2,99
มั่นใจ,2,99
สุขาภิบาล,2,99
ออฟฟิศ,2,99
ผิดที่,2,99
รุ่นน้อง,2,99
อนุสาวรีย์,2,99
เป็นเรื่อง,2,99
แช,2,99
555555,2,99
เข้ากันได้,2,99
คลาสสิก,2,99
น้ำเชื่อม,2,99
Cat,2,99
ล้างมือ,2,99
เพชร,2,99
ฝุด,2,99
ของว่าง,2,99
สักครู่,2,99
เพลินตา,2,99
Store,2,99
ฝัน,2,99
วิธีการ,2,99
แลดู,2,99
จามจุรี,2,99
ธุรกิจ,2,99
สวนผัก,2,99
Peanut,2,99
Scone,2,99
butter,2,99
matcha,2,99
store,2,99
กซ์,2,99
ขนาดเล็ก,2,99
ป้ายรถเมล์,2,99
สพ์,2,99
เซ็นเตอร์,2,99
ไว้หน้า,2,99
คาเฟอีน,2,99
ฉีด,2,99
เป็นส่วนใหญ่,2,99
คุณภาพดี,2,99
ดีขึ้น,2,99
ตอนเที่ยง,2,99
ฟอรั่ม,2,99
มองหา,2,99
สกัด,2,99
de,2,99
ก่อนที่จะ,2,99
จักรี,2,99
ตะวันตก,2,99
ภูมิใจ,2,99
สนาม,2,99
อิ่มใจ,2,99
เข้าเฝ้า,2,99
โดยรอบ,2,99
Amazon,2,99
ทะลัก,2,99
น่าเสียดาย,2,99
ครัวซองต์,2,99
กวาดสายตา,2,99
ดูเหมือน,2,99
ตะ,2,99
ตะลึง,2,99
ประดับประดา,2,99
พิง,2,99
ยัดไส้,2,99
ลำ,2,99
หลุด,2,99
เทียน,2,99
เวที,2,99
แกะสลัก,2,99
Ice,2,99
caramel,2,99
280,2,99
490,2,99
Sweet,2,99
ขิง,2,99
ข้าวหน้าเป็ด,2,99
บ๊วย,2,99
มมมมม,2,99
มีเดียม,2,99
หน่อไม้ฝรั่ง,2,99
หลงรัก,2,99
อน,2,99
เตก,2,99
เป๊ะ,2,99
เฟรนฟ,2,99
เเนว,2,99
เเนะ,2,99
โห่,2,99
ยังอยู่,2,99
คอนเฟิร์ม,2,99
คาราโอเกะ,2,99
ราคาคุย,2,99
เก๋ไก๋,2,99
ไร้,2,99
review,2,99
ค้นพบ,2,99
งั๊น,2,99
จุดด้อย,2,99
ทริป,2,99
ประโยชน์,2,99
พังงา,2,99
พิกล,2,99
พี่สาว,2,99
ภาษาอังกฤษ,2,99
ร่ม,2,99
ลุ,2,99
ีก,2,99
เกริ่น,2,99
แขกบ้านแขกเมือง,2,99
กากหมู,2,99
คันทรี่,2,99
ทำเล,2,99
ที่เกิด,2,99
บริษัท,2,99
พะแนง,2,99
พี่น้อง,2,99
ย่านธุรกิจ,2,99
สีน้ำตาล,2,99
อรุณ,2,99
อิฐ,2,99
เขียวหวาน,2,99
เข็ม,2,99
เฟลก,2,99
169,2,99
ชื่อเรื่อง,2,99
ซีซาร์,2,99
เฮ,2,99
กั้ง,2,99
ซ่อนตัว,2,99
ตะวันออก,2,99
อุ,2,99
Banoffee,2,99
Dark,2,99
road,2,99
ความตั้งใจ,2,99
ดึง,2,99
ลิฟท์,2,99
สร้างสรรค์,2,99
เป็นสาว,2,99
แท่ง,2,99
รุ่น,2,99
ข้าวหมก,2,99
ชอบกล,2,99
ดวง,2,99
ลาก,2,99
อาการ,2,99
เบาบาง,2,99
ยอ,2,99
สุภาพ,2,99
ถึงขั้น,2,99
โอ้ย,2,99
ได้ฤกษ์,2,99
นิ่ง,2,99
ตามลำดับ,2,99
ห่าน,2,99
โต๋,2,99
cha,2,99
wawa,2,99
มีสีสัน,2,99
สมอง,2,99
เงียบสงบ,2,99
ครอง,2,99
คุ,2,99
ต่ำกว่า,2,99
มากขึ้น,2,99
หลังจากนั้น,2,99
เศษ,2,99
ข้อ,2,99
ท็อป,2,99
แมง,2,99
135,2,99
ถึงบางอ้อ,2,99
บานา,2,99
สนิท,2,99
29,2,99
400,2,99
La,2,99
คอร์ท,2,99
จ่า,2,99
ดาด,2,99
นว,2,99
ผู้ใหญ่,2,99
ฟาง,2,99
รบกวน,2,99
เจ๊ง,2,99
เฉียด,2,99
เซอร์,2,99
โง่,2,99
220,2,99
340,2,99
Basil,2,99
Best,2,99
Blue,2,99
Chocolate,2,99
Mall,2,99
One,2,99
Pumpkin,2,99
Ravioli,2,99
Salad,2,99
Sausage,2,99
Spinach,2,99
Vongole,2,99
menu,2,99
wine,2,99
กลิ่นคาว,2,99
ขึ้นชื่อว่า,2,99
คุม,2,99
ชัก,2,99
ชู,2,99
ซึม,2,99
ดูจะ,2,99
ผลลัพธ์,2,99
ผ่านหน้า,2,99
สกุล,2,99
ส่วนผสม,2,99
อะไรก็ตาม,2,99
เข้าข้าง,2,99
เชค,2,99
ประ,2,99
มหาวิทยาลัย,2,99
อ่านเล่น,2,99
อิง,2,99
อุโมงค์,2,99
กล้า,2,99
ชิพ,2,99
ชี้,2,99
เป็นระเบียบ,2,99
OK,2,99
River,2,99
หนือ,2,99
โน้,2,99
mall,2,99
ขาดไม่ได้,2,99
ร้าย,2,99
โด่งดัง,2,99
คำชม,2,99
ง่วง,2,99
หอบ,2,99
โน๊ตบุ๊ค,2,99
วุ้น,2,99
ไข่เยี่ยวม้า,2,99
1000,2,99
นี้แหละ,2,99
เว้น,2,99
ชากังราว,2,99
ย้อย,2,99
แพร่,2,99
แม่ค้า,2,99
มืด,2,99
เห็นได้ชัด,2,99
กลางดึก,2,99
ชัวร์,2,99
ซำ,2,99
ยอดฮิต,2,99
รุ้,2,99
ล้น,2,99
อารี,2,99
ฮิต,2,99
เตะ,2,99
เนาะ,2,99
เน้อ,2,99
เปรียบ,2,99
เว,2,99
แอลกอฮอล์,2,99
ไฮโซ,2,99
16,2,99
HuaHin,2,99
Station,2,99
ทางซ้าย,2,99
รถไฟ,2,99
สอบถาม,2,99
สัปดาห์,2,99
ออกแบบ,2,99
เล็ต,2,99
บึง,2,99
บัวลอย,2,99
อึก,2,99
6,2,99
By,2,99
Scene,2,99
Town,2,99
open,2,99
กิ๊บเก๋,2,99
เจ๋ง,2,99
FB,2,99
IG,2,99
กิโล,2,99
กุนเชียง,2,99
ขาดกัน,2,99
ค้นหา,2,99
ฟิช,2,99
ราวกับ,2,99
หมูหยอง,2,99
อุปกรณ์,2,99
เวลาเย็น,2,99
ปกเกล้า,2,99
แตกต่าง,2,99
เจ็บ,2,99
กรวม,2,99
จักรยาน,2,99
ตัวดี,2,99
ถิ่น,2,99
น้ำพริกเผา,2,99
ผอง,2,99
พุ่ง,2,99
ลิ้ม,2,99
สวด,2,99
โอ้ว,2,99
Eat,2,99
It,2,99
Just,2,99
กลางคืน,2,99
โลโก้,2,99
กระจาย,2,99
แต่ไกล,2,99
ดินสอ,2,99
นภา,2,99
ผู้ชาย,2,99
รอยยิ้ม,2,99
เป็นเวลา,2,99
แพร่ง,2,99
Location,2,99
กานา,2,99
ความนุ่ม,2,99
ความสวยงาม,2,99
ค์บ,2,99
จาง,2,99
ซากุระ,2,99
ซุ,2,99
ดังนี้,2,99
ตั๋ว,2,99
ทับ,2,99
น่าดู,2,99
วิเคราะห์,2,99
สังสรรค์,2,99
เชื่อม,2,99
เป็นมา,2,99
เอร็ดอร่อย,2,99
แชมเปี้ยน,2,99
แมลง,2,99
ดวงใจ,2,99
ตามตรง,2,99
มะระ,2,99
โคตร,2,99
CP,2,99
น์,2,99
หรูหรา,2,99
แกงป่า,2,99
กะหล่ำ,2,99
ขลุกขลิก,2,99
สะเต๊ะ,2,99
หยาง,2,99
ฮัว,2,99
เข่า,2,99
ขอโทษ,2,99
แทนที่,2,99
ไอ้,2,99
vat,2,99
บอล,2,99
แฉะ,2,99
มิ้นท์,2,99
องุ่น,2,99
เปร,2,99
ตเต้,2,99
นารา,2,99
น่าเกลียด,2,99
ซอล,2,99
ร็อค,2,99
คค,2,99
สักครั้ง,2,99
เยือน,2,99
ซาลาเปา,2,99
ตังค์,2,99
tamp,2,99
ช๊อต,2,99
ถนัด,2,99
ปิน,2,99
ชื่น,2,99
เต้า,2,99
Grand,2,99
charge,2,99
ตุ่๋น,2,99
มันปลา,2,99
หน่อไม้,2,99
เน็ต,2,99
โออิชิ,2,99
ไข,2,99
สตาร์บัคส์,2,99
าาา,2,99
แบล็ค,2,99
พิฆเนศ,2,99
buffet,2,99
carte,2,99
la,2,99
tree,2,99
จ๋อย,2,99
มัสส,2,99
มั่น,2,99
รำคาญ,2,99
เนื่องด้วย,2,99
ในเครือ,2,99
Friday,2,99
กรมประชาสัมพันธ์,2,99
จมูก,2,99
ดูก่อน,2,99
นกฮูก,2,99
ปูอัด,2,99
ฟ้า,2,99
สบายใจ,2,99
เกรด,2,99
คุณชาย,2,99
ญวน,2,99
ได้โอกาส,2,99
น้ำหนัก,2,99
ถา,2,99
ต่อย,2,99
ขยาย,2,99
เผอิญ,2,99
ติดปาก,2,99
สะเดา,2,99
สี่แยก,2,99
กระเป๋า,2,99
ปอง,2,99
พอดีกัน,2,99
ยู่,2,99
แป,2,99
ยอด,2,99
หรอย,2,99
198,2,99
399,2,99
on,2,99
ความหลากหลาย,2,99
จัดวาง,2,99
ซีอิ้ว,2,99
ตต้า,2,99
ประตูน้ำ,2,99
ฟเฟ่ห์,2,99
มีปัญหา,2,99
สั่งทำ,2,99
หลีกเลี่ยง,2,99
เสื้อผ้า,2,99
แจ้ง,2,99
โซ,2,99
อัลมอนด์,2,99
ความเก่า,2,99
กาง,2,99
AIS,2,99
Espresso,2,99
จุก,2,99
สลัว,2,99
ตาก,2,99
พลี,2,99
Vista,2,99
ข้าวกล้อง,2,99
ข้าวคลุกกะปิ,2,99
ประจำวัน,2,99
มังสวิรัติ,2,99
เปน,2,99
ete,2,99
กระบอก,2,99
ที่ว่าง,2,99
เหมียง,2,99
กรรมวิธี,2,99
เต้าทึง,2,99
ตบแต่ง,2,99
ไม่เลว,2,99
เป็นน้ำ,2,99
Yum,2,99
สโลแกน,2,99
ความสะดวก,2,99
ซี่,2,99
ด้อย,2,99
ตั้งชื่อ,2,99
บ่นว่า,2,99
ประชุม,2,99
พัง,2,99
มาแรง,2,99
เส้นทาง,2,99
2200,2,99
Fuku,2,99
ที่ระลึก,2,99
เลน,2,99
จะแจ้ง,2,99
••,2,99
กม,2,99
กระดาษ,2,99
กรุณา,2,99
กลับรถ,2,99
กัลปพฤกษ์,2,99
ขาไก่,2,99
ถั่วเหลือง,2,99
ปากเปล่า,2,99
ผงชูรส,2,99
รวมตัว,2,99
สมุทรปราการ,2,99
เว้นแต่,2,99
เส้นหมี่,2,99
ใบสั่ง,2,99
service,2,99
เอ้าท์ดอร์,2,99
ถั่วงอก,2,99
หูฉลาม,2,99
เห็ดโคน,2,99
คอร์ด,2,99
ตามประสา,2,99
กฎ,2,99
กระด้าง,2,99
ขนมจีบ,2,99
จิ๊ก,2,99
ทับทิม,2,99
ฟิวเจอร์,2,99
รังสิต,2,99
เชอร์เบต,2,99
เตือน,2,99
choc,2,99
chocolate,2,99
คั้น,2,99
เปิง,2,99
พระตำหนัก,2,99
ล์,2,99
กาล,2,99
คงไว้,2,99
ตำนาน,2,99
ตำรับ,2,99
ปลาดุก,2,99
ผู้ดี,2,99
ผู้เขียน,2,99
พาล,2,99
Sab,2,99
ฝนตก,2,99
สังเกตเห็น,2,99
63,2,99
Room,2,99
คอนเสิร์ต,2,99
ซีนีเพล็กซ์,2,99
ปาร์ตี้,2,99
สนุกสนาน,2,99
แกงค์,2,99
แฮ่ะ,2,99
๕๕๕,2,99
คิดราคา,2,99
พี่ชาย,2,99
เนอ,2,99
mocha,2,99
คงเส้นคงวา,2,99
นั้ง,2,99
วิตามิน,2,99
โด,2,99
ZEN,2,99
เดินไปเดินมา,2,99
ให้อาหาร,2,99
บุญ,2,99
มังคุด,2,99
ลองของ,2,99
ศิลปิน,2,99
ร่วมสมัย,2,99
รอบด้าน,2,99
หน่อ,2,99
ขอให้,2,99
เจือจาง,2,99
เช็ค,2,99
เเค่,2,99
Err:520,2,99
Fruit,2,99
Pasta,2,99
Tart,2,99
ข้างหน้า,2,99
คุณยาย,2,99
แพร์,2,99
ไขมัน,2,99
ไม๊,2,99
499,2,99
ปลาไหล,2,99
หนีบ,2,99
Empire,2,99
^__^,2,99
ย่ำแย่,2,99
แม่ศรี,2,99
145,2,99
2000,2,99
Asiatique,2,99
prawn,2,99
roll,2,99
ทร,2,99
ท้ายสุด,2,99
ฝั่งแม่น้ำ,2,99
พูดคุย,2,99
รศนีย,2,99
เพลิดเพลิน,2,99
นคะ,2,99
ซัลมอน,2,99
ร้อนที่,2,99
เบส,2,99
แหวกแนว,2,99
โรล,2,99
ส่วนประกอบ,2,99
ซี๊ด,2,99
สักที,2,99
ปลุก,2,99
เพียว,2,99
Chubby,2,99
ตระเวน,2,99
ปราบ,2,99
ศึก,2,99
ฮิ,2,99
จัน,2,99
ธนะ,2,99
ผา,2,99
เขาใหญ่,2,99
เดี่ยว,2,99
เนื้อที่,2,99
เสนานิคม,2,99
เสพติด,2,99
จู๋,2,99
ดึ๋งดั๋ง,2,99
link,2,99
เทียม,2,99
แอม,2,99
เหยาะ,2,99
Table,2,99
Tinee,2,99
ข้ามถนน,2,99
์กช้อค,2,99
กุ้งชุบแป้งทอด,2,99
ขี้เกียจ,2,99
ปลาสลิด,2,99
ไข่แดง,2,99
ปาดเหงื่อ,2,99
อาจารย์,2,99
นิสิต,2,99
ทวิ,2,99
หลังจากนี้,1,99
Kasetsart,1,99
เอ๊กซ์,1,99
กวง,1,99
ความสนใจ,1,99
จริ๊ง,1,99
จ๊อบ,1,99
ฉ่า,1,99
ชุ่มคอ,1,99
พูดว่า,1,99
ม้น,1,99
หือ,1,99
ฮื้อ,1,99
แข่งขัน,1,99
แต้,1,99
โป๊ะแตก,1,99
ขนมปังฝรั่งเศส,1,99
นั้นแหละ,1,99
มาสาย,1,99
สํา,1,99
หรับ,1,99
ทรวดทรง,1,99
ผอมบาง,1,99
ราชครู,1,99
หญิงสาว,1,99
หลายหลาก,1,99
อวด,1,99
เวิ้ง,1,99
ให้น้ำ,1,99
ยันฮี,1,99
เด็ม,1,99
229,1,99
31,1,99
458,1,99
En,1,99
Google,1,99
Maps,1,99
Net,1,99
https,1,99
กระไร,1,99
กอ,1,99
ก็แล้วกัน,1,99
ขนมปังหน้าหมู,1,99
ความประทับใจ,1,99
คำแนะนำ,1,99
ค่าน้ำ,1,99
จะแจ่ม,1,99
จ๊าก,1,99
ซิก,1,99
ดด้า,1,99
ดอน,1,99
ถังน้ำแข็ง,1,99
ถ่อ,1,99
ทอก,1,99
นู,1,99
น้ำนอง,1,99
พาต,1,99
มร,1,99
ยุ่ง,1,99
ลงมติ,1,99
ลิ่ม,1,99
ลุย,1,99
วอ,1,99
ศก,1,99
สร,1,99
สะดุ้ง,1,99
สเบอ,1,99
หัวหอม,1,99
หิม,1,99
อาหารกลางวัน,1,99
อ๋อ,1,99
เครดิต,1,99
เป็บ,1,99
เมน,1,99
เม็กซิกัน,1,99
เสียเงิน,1,99
แตกตื่น,1,99
ได้ความ,1,99
ไหนล่ะ,1,99
Central,1,99
ของนอก,1,99
คุ้น,1,99
ฑ์,1,99
ดีแล้ว,1,99
ระยะเวลา,1,99
อาน,1,99
เกน,1,99
64,1,99
คร่า,1,99
คอมพิวเตอร์,1,99
สุทธิ,1,99
ไช,1,99
ตัดออก,1,99
พิม,1,99
สังกะสี,1,99
สำลัก,1,99
Apple,1,99
Blueberrt,1,99
ทุนทรัพย์,1,99
เพี้ย,1,99
avenue,1,99
cup,1,99
little,1,99
สอดไส้,1,99
ฮาวาย,1,99
ไส,1,99
กย,1,99
คนใช้,1,99
ง๊าย,1,99
ต้องตาม,1,99
ท้อป,1,99
บลา,1,99
พลังงาน,1,99
หลังอาหาร,1,99
อิฉัน,1,99
เครือข่าย,1,99
เจ้านาย,1,99
แม๊กซ์,1,99
แยกส่วน,1,99
ไพร,1,99
กระติ๊บ,1,99
กลิ้ง,1,99
ก้าง,1,99
คริสตจักร,1,99
คลุ้มคลั่ง,1,99
ผ้า,1,99
ฟุตบาท,1,99
ราง,1,99
ลิตร,1,99
สวม,1,99
สาบาน,1,99
สำลี,1,99
หมวก,1,99
เอาแต่,1,99
แร่,1,99
คุยเก่ง,1,99
คู้,1,99
จอมสุรางค์,1,99
จากไป,1,99
ช๊อกโกแลต,1,99
พระนครศรีอยุธยา,1,99
มอบ,1,99
รัส,1,99
ลพ,1,99
ลูกค้าประจำ,1,99
สมูตตี้ขอ,1,99
หัวรอ,1,99
อยู้,1,99
อั๋น,1,99
อุปถัมภ์,1,99
เลื่อย,1,99
ไหว้พระ,1,99
1200,1,99
astorspg,1,99
ตามปกติ,1,99
นำ้,1,99
วูด,1,99
สนามกอล์ฟ,1,99
สนามม้า,1,99
สูงใหญ่,1,99
เปียโน,1,99
^___^,1,99
chef,1,99
ขี้,1,99
ขี้แย,1,99
คามี,1,99
ริมทะเล,1,99
หาด,1,99
เสนอ,1,99
แทะ,1,99
แมทช์,1,99
จุดสำคัญ,1,99
ตัอง,1,99
ทองม้วน,1,99
บายพาส,1,99
สามชุก,1,99
สุพรรณ,1,99
จับเป็น,1,99
หล่ะ,1,99
โน้ตบุ๊ค,1,99
match,1,99
mix,1,99
จุกจิก,1,99
ท้องตลาด,1,99
น้ี้,1,99
ขับกล่อม,1,99
ทำเนียบ,1,99
หิวจัด,1,99
Horlicks,1,99
Latte,1,99
Shibuya,1,99
maple,1,99
กส์,1,99
จับผิด,1,99
ตรู,1,99
ตะลุย,1,99
ท่วม,1,99
บู,1,99
วอลล์,1,99
ฮอ,1,99
เนี้ยบ,1,99
เหอะ,1,99
โทส,1,99
is,1,99
ค่าหัว,1,99
ชัยภูมิ,1,99
ถัดจาก,1,99
นวก,1,99
ระ,1,99
ศิว,1,99
หลังคาเรือน,1,99
ื่ิย,1,99
เลียบ,1,99
าน,1,99
เพ้น,1,99
ทิวทัศน์,1,99
อร่าม,1,99
กาลเวลา,1,99
ยูโอบี,1,99
องก์,1,99
เยาวราช,1,99
เรียนพิเศษ,1,99
เอาล่ะ,1,99
โทรม,1,99
Citibank,1,99
Glazed,1,99
กิ้ววว,1,99
ขีดสุด,1,99
คิดในใจ,1,99
ชัยชนะ,1,99
ตาว,1,99
น่าเชื่อ,1,99
มั่ง,1,99
วู้,1,99
สยิว,1,99
เป็นแถว,1,99
เวฟ,1,99
แบ่งปัน,1,99
ในขณะที่,1,99
Octave,1,99
Rooftop,1,99
กลางใจเมือง,1,99
ขอบฟ้า,1,99
ช็ค,1,99
บนสุด,1,99
ปลาย,1,99
พระอาทิตย์,1,99
ม่าย,1,99
หน้าฝน,1,99
เมืองกรุง,1,99
เลิศเลอ,1,99
แม,1,99
แล็ต,1,99
หอมฉุย,1,99
โชย,1,99
830,1,99
1030,1,99
2354,1,99
315,1,99
8376,1,99
ตรวจวัด,1,99
ทุ่ง,1,99
ยืนพื้น,1,99
สมใจ,1,99
อาราบิก้า,1,99
โฟม,1,99
ไร่,1,99
จริต,1,99
นี,1,99
ปัว,1,99
Dellow,1,99
Gravity,1,99
Yello,1,99
ชูโรง,1,99
ท่าที,1,99
ท้องกิ่ว,1,99
บอย,1,99
ย่า,1,99
ฤกษ์ดี,1,99
ฤดู,1,99
วัตสัน,1,99
อีฟ,1,99
&ชอคฯ,1,99
54,1,99
ขายดิบขายดี,1,99
ข้าวมัน,1,99
คาร์ฟูร์,1,99
ชนะเลิศ,1,99
ตามสมัยนิยม,1,99
บิ๊กซี,1,99
ฟูด,1,99
สัม,1,99
เอ็กซ์,1,99
แต่วัน,1,99
ama,1,99
healthy,1,99
กระจุกกระจิก,1,99
ของใช้,1,99
น้ำมันงา,1,99
น้ำมันสลัด,1,99
มัั้ง,1,99
อาม่า,1,99
เข้าสู่,1,99
balance,1,99
filter,1,99
french,1,99
jelly,1,99
moka,1,99
press,1,99
single,1,99
800,1,99
กาญจนาภิเษก,1,99
ตลก,1,99
น้ำพุ,1,99
ฟังเพราะ,1,99
สะระแหน่,1,99
เด่นชัด,1,99
กีบ,1,99
ดูงาน,1,99
บัค,1,99
บุ้ง,1,99
มิด,1,99
อาว,1,99
อโศก,1,99
ฮี่,1,99
เคิก,1,99
คลี,1,99
ช๊อป,1,99
ประวิง,1,99
ของแปลก,1,99
ปั้นหยา,1,99
เรื่อ,1,99
Kamu,1,99
ตั้งสติ,1,99
รดี,1,99
สื่อ,1,99
sugarfree,1,99
กรีนที,1,99
พรุน,1,99
ฟาย,1,99
17,1,99
Iceken,1,99
ดำริ,1,99
พนักงานขาย,1,99
ยว,1,99
เข้าคู่,1,99
เสต็บ,1,99
สามโลก,1,99
ห์~,1,99
อิม,1,99
ครบเครื่อง,1,99
พริกขี้หนู,1,99
ริน,1,99
กวาง,1,99
ความหรูหรา,1,99
ความเป็นส่วนตัว,1,99
ดิ่ม,1,99
สมัยเก่า,1,99
อเรีย,1,99
เคือง,1,99
เบย,1,99
เร้าใจ,1,99
sukishi,1,99
มู้ก,1,99
สละ,1,99
สาระ,1,99
หวาย,1,99
หอมแดง,1,99
กสแฟ,1,99
ลนัส,1,99
อยุ่,1,99
ฮัส,1,99
ฝาแฝด,1,99
พลอย,1,99
รองเท้า,1,99
จัย,1,99
บิ๊ก,1,99
ม่ะ,1,99
อ่,1,99
เริศ,1,99
เห๊,1,99
แปล้,1,99
ท่าน้ำ,1,99
นอนหลับ,1,99
พอดิบพอดี,1,99
ลอยกระทง,1,99
สัสัน,1,99
อาทิ,1,99
Aeropress,1,99
กัวเตมาลา,1,99
ซับซ้อน,1,99
ซ่อนกลิ่น,1,99
ดูดดื่ม,1,99
ดํา,1,99
ต่างดาว,1,99
ทําไม,1,99
ประหลาดใจ,1,99
ลึกลับซับซ้อน,1,99
หอมหวน,1,99
เฝ้า,1,99
67,1,99
การคุย,1,99
ชำระ,1,99
รืี่อง,1,99
สิ่งอำนวยความสะดวก,1,99
สแควร์,1,99
นิดหนึ่ง,1,99
คลอ,1,99
MRT,1,99
aeropress,1,99
device,1,99
กรอง,1,99
กั้น,1,99
ขึ้นรถ,1,99
คณะนิติศาสตร์,1,99
คะแนนเต็ม,1,99
จุฬาฯ,1,99
ทึบ,1,99
นักดื่ม,1,99
นัท,1,99
บัตเตอร์,1,99
ลอยละล่อง,1,99
ลิโด้,1,99
สามย่าน,1,99
ออกกำลัง,1,99
เวียน,1,99
แอบมอง,1,99
โอสถศาลา,1,99
1830,1,99
730,1,99
Advance,1,99
Free,1,99
Lotus,1,99
Mini,1,99
SipnSurf,1,99
Tesco,1,99
conference,1,99
cozy,1,99
inspiration,1,99
reserve,1,99
room,1,99
กระแสเลือด,1,99
ความน่าสนใจ,1,99
จุดแข็ง,1,99
ดึงดูดใจ,1,99
ลงแดง,1,99
ห้องประชุม,1,99
เก้าอี้สนาม,1,99
แว่ว,1,99
22,1,99
ครองใจ,1,99
ไหว้เจ้า,1,99
Siam,1,99
Square,1,99
เดินเที่ยว,1,99
กาก,1,99
แฟก็มี,1,99
โจทย์,1,99
1360,1,99
32,1,99
46,1,99
GPS,1,99
Norasingha,1,99
gadget,1,99
thai,1,99
ประวัติศาตร์,1,99
มีประวัติ,1,99
ยุคสมัย,1,99
รู้เรื่องราว,1,99
สามัญชน,1,99
สืบทอด,1,99
เกิดขึ้น,1,99
เยี่ยมชม,1,99
เรียกกันว่า,1,99
เสือป่า,1,99
โคมไฟ,1,99
ในประเทศ,1,99
Wifi,1,99
double,1,99
ฉบับ,1,99
นครปฐม,1,99
ฟอร์ม,1,99
สรรพสินค้า,1,99
หนังสือพิมพ์,1,99
เจ๊ต,1,99
เห็นชัด,1,99
จุใจ,1,99
ซึ่ฃ,1,99
ปั๊บ,1,99
สารพัด,1,99
อนุรักษ์นิยม,1,99
อุตส่าห์,1,99
เจาะ,1,99
แต่ละครั้ง,1,99
ตบ,1,99
เนด,1,99
เลมอน,1,99
กว้างใหญ่,1,99
กินลม,1,99
กี๊,1,99
ขนลุก,1,99
ของโบราณ,1,99
ขายยา,1,99
จู๋จี๋,1,99
จ้าว,1,99
ชิบ,1,99
ช่องลม,1,99
ดูหรือ,1,99
ตะเกียง,1,99
ทางเดิน,1,99
น้อ,1,99
ปูพรม,1,99
พิพิธ,1,99
มัว,1,99
สุดกู่,1,99
ส่อง,1,99
หลังคา,1,99
หอประชุม,1,99
ห้องนอน,1,99
เดินตาม,1,99
เฟสติวัล,1,99
แผง,1,99
โรแมนติค,1,99
โวย,1,99
ไฟฉาย,1,99
macchiato,1,99
-Mozzellela,1,99
155,1,99
170,1,99
245,1,99
320,1,99
3600,1,99
Ball,1,99
Chees,1,99
Coconut,1,99
Dip,1,99
Lychee,1,99
Summer,1,99
dtac,1,99
reward,1,99
บรู๊ซ,1,99
บอร์ด,1,99
บาร์บีคิว,1,99
บู่,1,99
พัฒนา,1,99
พุทธมณฑล,1,99
พ็อคช็อ,1,99
ฟิวขั่น,1,99
มด,1,99
ม็อค,1,99
ร่อน,1,99
ร้่นเ,1,99
ลว,1,99
วสลอเ,1,99
สมนาคุณ,1,99
สมเหตุสมผล,1,99
หลานสาว,1,99
หาว,1,99
อาหย่อย,1,99
เครน,1,99
เนื่องใน,1,99
เนู,1,99
เบี่ยน,1,99
เล่,1,99
เเถม,1,99
เเบบ,1,99
เเม่,1,99
เเม้,1,99
เเล้วเ,1,99
เเล้วเเบบ,1,99
แห่งชาติ,1,99
โดด,1,99
ใข้,1,99
ได้หน้า,1,99
ไท่อม,1,99
การนัด,1,99
บังเอิญ,1,99
พบกัน,1,99
ร่วง,1,99
ลดลง,1,99
สารภาพ,1,99
หวัง,1,99
เคลือบ,1,99
เวลา่,1,99
โรยรา,1,99
ไปเป็นเพื่อน,1,99
กระพริบ,1,99
กุ้งแช่น้ำปลา,1,99
คัก,1,99
ดิ๊งค์,1,99
ติดไฟ,1,99
ที่หมาย,1,99
นึึ,1,99
มั๊ก,1,99
ม้า,1,99
ลูกทุ่ง,1,99
วิธีทำ,1,99
หวานฉ่ำ,1,99
เอก,1,99
article,1,99
frappe,1,99
fudge,1,99
garden,1,99
google,1,99
search,1,99
ตั่้ง,1,99
นักท่องเที่ยว,1,99
ประโยค,1,99
ผู้อ่าน,1,99
พลุ้ย,1,99
รืน,1,99
ลูกชาย,1,99
สสาร,1,99
สากล,1,99
หึ,1,99
หึหึ,1,99
อัดฉีด,1,99
อุปการะ,1,99
ฺะ,1,99
เด้,1,99
เท่,1,99
เหงา,1,99
เอ้อ,1,99
ไส้พุง,1,99
Macaron,1,99
กลับด้าน,1,99
การกัน,1,99
กิจการ,1,99
ความจริง,1,99
คุ๊กกี้,1,99
ถั่วลันเตา,1,99
ทันใด,1,99
ทาสี,1,99
ท้องร้อง,1,99
ประท้วง,1,99
ปัก,1,99
มันเยิ้ม,1,99
รูปภาพ,1,99
ลูกเต๋า,1,99
วางไข่,1,99
สมี,1,99
หินอ่อน,1,99
หิวข้าว,1,99
อาหารหวาน,1,99
อิ่มหนำสำราญ,1,99
เป็นงาน,1,99
แขวน,1,99
โปร่งตา,1,99
27,1,99
BUBBLE,1,99
ประชาสงเคราะห์,1,99
มันส์,1,99
วันก่อน,1,99
หอการค้า,1,99
ข้าวผัดอเมริกัน,1,99
คงที่,1,99
มป,1,99
ลนัทแฟลป,1,99
ล๊ก,1,99
แน,1,99
แล้วไป,1,99
ไลม์,1,99
กรรเชียง,1,99
ความทรงจำ,1,99
ชั้ร,1,99
ชามะลิ,1,99
ดิส,1,99
ต๊ะคน,1,99
ฟบน,1,99
มองไม่เห็น,1,99
เขื่อง,1,99
เบ้,1,99
เป็นกอง,1,99
เาว,1,99
แก้เผ็ด,1,99
แน่นหนา,1,99
แหวก,1,99
แอบดู,1,99
์ส์ส์,1,99
ประสา,1,99
47,1,99
Choc,1,99
Layered,1,99
Rain,1,99
Rocky,1,99
Semi,1,99
freddo,1,99
hill,1,99
pop,1,99
rocky,1,99
sandwich,1,99
คำตอบ,1,99
ทางขวา,1,99
วันหลัง,1,99
เฝื่อน,1,99
แช่แข็ง,1,99
แนวคิด,1,99
ในเวลาเดียวกัน,1,99
คิดมาก,1,99
มีลูก,1,99
เทคแคร์,1,99
เสมือน,1,99
เสียใจ,1,99
กระบี่,1,99
ปาท่องโก๋,1,99
อ่าว,1,99
เลือดหมู,1,99
แวว,1,99
ตาล,1,99
ย้อนกลับ,1,99
ลบ,1,99
เล่นตัว,1,99
เอ่อ,1,99
ได้เรื่อง,1,99
horlick,1,99
whitemalt,1,99
ค่อ,1,99
ทัย,1,99
พญา,1,99
มุข,1,99
ร่่อย==,1,99
กัญชา,1,99
ชนะขาดลอย,1,99
ชีวิตจิตใจ,1,99
ทีแรก,1,99
นอกใจ,1,99
น้ำตา,1,99
าา,1,99
เฉ,1,99
เว่อ,1,99
เว้,1,99
โปรดปราน,1,99
ยกนิ้วให้,1,99
ลุง,1,99
หุ่นยนต์,1,99
คร,1,99
ลดละ,1,99
ศูนย์บัญชาการ,1,99
อดใจ,1,99
เคลม,1,99
เยี่ยง,1,99
เหลา,1,99
ไช้,1,99
ดึงดูด,1,99
เคี้ย,1,99
แม้แต่น้อย,1,99
44,1,99
RiceMango,1,99
สักนิด,1,99
185,1,99
Homepro,1,99
dessert,1,99
ตกรอบ,1,99
บิ,1,99
สกิ,1,99
สตรอเบอ,1,99
เกรย์,1,99
เอิร์ล,1,99
กาย,1,99
ของวัด,1,99
ท่ามกลาง,1,99
ปรุงแต่ง,1,99
วิถีชีวิต,1,99
สเต็ป,1,99
เขตเมือง,1,99
เส่นห์,1,99
โป่ง,1,99
ข้อดี,1,99
ครีเอท,1,99
ความพยายาม,1,99
ความสามารถ,1,99
คาดเดา,1,99
ดร,1,99
ทำครัว,1,99
ทีท่า,1,99
นับถือ,1,99
ปัจจุบันนี้,1,99
ป๊อป,1,99
ยุคใหม่,1,99
ยุด,1,99
ลงทุนลงแรง,1,99
ลงมือ,1,99
อธิบาย,1,99
อป,1,99
เค๊กฟรั่ง,1,99
แบร์น,1,99
แฟก็คือ,1,99
ใจรัก,1,99
Pudding,1,99
Smoothies,1,99
ตส,1,99
ทอ,1,99
ทีนี้,1,99
ฟู๊ดคอส,1,99
มาร์ช,1,99
เปอ,1,99
เลต,1,99
แมคโดนัลด์,1,99
โก้,1,99
87,1,99
ลิด,1,99
2800,1,99
59,1,99
Carte,1,99
กระจอก,1,99
กราบ,1,99
ขยับ,1,99
ขัดใจ,1,99
คำพูด,1,99
ฉิบหาย,1,99
ชั้นเลิศ,1,99
ซัด,1,99
ดเห้,1,99
ด่า,1,99
ตัวอย่างเช่น,1,99
ถะ,1,99
ทัพพี,1,99
นวลจันทร์,1,99
นับไม่ถ้วน,1,99
นางงาม,1,99
นิ้ว,1,99
นื้อ,1,99
บร๊า,1,99
บร๋า,1,99
ปฎิ,1,99
ประมวลผล,1,99
ประเมิน,1,99
ผัง,1,99
ผัน,1,99
ผู้บริโภค,1,99
พิสมัย,1,99
พืด,1,99
ฟิว,1,99
มันสมอง,1,99
มีความรู้สึก,1,99
ยาง,1,99
ยำเกรง,1,99
วะ,1,99
วุฒิภาวะ,1,99
สรรหา,1,99
หน่วย,1,99
อนาคต,1,99
อักษร,1,99
เด็กเล็ก,1,99
เนื้อวัว,1,99
เป็นแน่แท้,1,99
เล็งเห็น,1,99
เสมา,1,99
แนะนำตัว,1,99
แฟชั่น,1,99
แฟ่,1,99
แมร่ง,1,99
แว่บ,1,99
โปสเตอร์,1,99
โพน,1,99
ไอซ์แลนด์,1,99
890,1,99
Appino,1,99
BKK,1,99
Baby,1,99
Bass,1,99
Bottega,1,99
Community,1,99
Cooked,1,99
Cotta,1,99
Course,1,99
Covering,1,99
Crab,1,99
Dressing,1,99
Fuji,1,99
Highly,1,99
Luca,1,99
Meat,1,99
Mushroom,1,99
Mussel,1,99
Orange,1,99
Outdoor,1,99
Paccheri,1,99
Panna,1,99
Pending,1,99
Penne,1,99
Pinch,1,99
Pistacchio,1,99
Portobello,1,99
Presentation,1,99
Profiterole,1,99
Restaurants,1,99
Salt,1,99
Sea,1,99
Seafood,1,99
Style,1,99
Supermarket,1,99
Terrace,1,99
UFM,1,99
White,1,99
Wine,1,99
baby,1,99
berry,1,99
bisque,1,99
cooked,1,99
crab,1,99
dressing,1,99
fennel,1,99
foil,1,99
ham,1,99
herbs,1,99
honey,1,99
italian,1,99
lobster,1,99
meat,1,99
mint,1,99
parma,1,99
recommended,1,99
sausage,1,99
saute,1,99
seafood,1,99
seeds,1,99
tomato,1,99
topped,1,99
wild,1,99
ความคาดหวัง,1,99
ความเค็ม,1,99
คัสตาร์ด,1,99
จัดเรียง,1,99
จากกัน,1,99
จำไว้,1,99
จุ,1,99
ซื้อใจ,1,99
ตัวใหม่,1,99
ที่สาม,1,99
ท้องเสีย,1,99
ท้า,1,99
นิวซีแลนด์,1,99
นิ้วโป้ง,1,99
นเน่,1,99
น้ำลาย,1,99
บันได,1,99
ประจันหน้า,1,99
พก,1,99
พระจันทร์,1,99
พิสูจน์,1,99
มินต์,1,99
มือหนัก,1,99
ยั่ว,1,99
รังสรรค์,1,99
ล็อบ,1,99
วู่วาม,1,99
สมิติเวช,1,99
หน้ามืด,1,99
หมื่น,1,99
หยิบมือ,1,99
หิวโหย,1,99
อุ้งมือ,1,99
ิม,1,99
เครื่องปรุงรส,1,99
เต็มเปี่ยม,1,99
เป็นแน่,1,99
เร่,1,99
เวลานี้,1,99
เสต,1,99
เอแคลร์,1,99
แมลงภู่,1,99
แย้ง,1,99
โหระพา,1,99
ไต่,1,99
ไม่พูดพร่ำทำเพลง,1,99
ไม่เบา,1,99
เหนือศีรษะ,1,99
51,1,99
check,1,99
ยาวเหยียด,1,99
สน,1,99
เคหา,1,99
เหลือบ,1,99
แนบ,1,99
ข้าวจี่,1,99
น้ำส้มคั้น,1,99
ลวด,1,99
อุดร,1,99
แม็ก,1,99
ไข่ลวก,1,99
ไท่,1,99
ขืน,1,99
จำเลย,1,99
มีหวัง,1,99
โต้รุ่ง,1,99
กระเจี๊ยบ,1,99
ความเป็นไป,1,99
ตัวอย่าง,1,99
ต่างจังหวัด,1,99
มหาวิทยาลัยเชียงใหม่,1,99
รวง,1,99
หลบมุม,1,99
เตี๊ยบ,1,99
เสน่ห์,1,99
แวบ,1,99
255,1,99
World,1,99
กรี๊ด,1,99
ขำ,1,99
คนสวย,1,99
ช่างมัน,1,99
ดุ่ม,1,99
ตำแหน่ง,1,99
ติง,1,99
มีจำกัด,1,99
รอบข้าง,1,99
ล่อ,1,99
เนนอ,1,99
เรต,1,99
เลข,1,99
เวิร์ล,1,99
โฮะ,1,99
Golden,1,99
Near,1,99
triangle,1,99
ถนนใหญ่,1,99
ทองคำ,1,99
พลุก,1,99
รถตู้,1,99
รถทัวร์,1,99
สามเหลี่ยม,1,99
Dilmah,1,99
Power,1,99
presentation,1,99
ควรจะเป็น,1,99
ดึงดูดสายตา,1,99
รูปแบบ,1,99
สยามพารากอน,1,99
แฟก็ธรรม,1,99
แหวว,1,99
Nagiya,1,99
การตะโกน,1,99
ถือได้ว่า,1,99
ฮอน,1,99
เบะ,1,99
เลิกงาน,1,99
kuma,1,99
terminal,1,99
กระฉับกระเฉง,1,99
คล่องแคล่ว,1,99
น้องใหม่,1,99
วต,1,99
อืาน,1,99
แทนที่จะ,1,99
แบ้,1,99
interchange,1,99
openrice,1,99
ขลั่ก,1,99
ชึ้น,1,99
ตะกอน,1,99
มองดู,1,99
ระดับชั้น,1,99
เชื่อถือได้,1,99
ดี้,1,99
พออาศัย,1,99
แช่เย็น,1,99
คุ้ม,1,99
ตาลุก,1,99
ถ้วยกาแฟ,1,99
แล่,1,99
ชิค,1,99
ตร,1,99
ผิดคาด,1,99
มีส่วน,1,99
หน้าเฉย,1,99
เสียงดี,1,99
แดดเดียว,1,99
คลุกเคล้า,1,99
น่ารับประทาน,1,99
น้องสาว,1,99
ลำเลียง,1,99
ลือ,1,99
หนู,1,99
เจ่,1,99
เร้อ,1,99
เอ้อเฮอ,1,99
ความชอบ,1,99
ณวน,1,99
ดีกรี,1,99
ทึ่ง,1,99
เรียกเก็บเงิน,1,99
เที่ยงคืน,1,99
lord,1,99
จึ้น,1,99
รามคำแหง,1,99
สงวน,1,99
สระน้ำ,1,99
สัมมากร,1,99
เจน,1,99
franchise,1,99
refill,1,99
taxi,1,99
กรึ๊บ,1,99
กร่าง,1,99
ข้าวสาร,1,99
ครวญคราง,1,99
คร่ั้ง,1,99
ดอกเห็ด,1,99
ติ่ว,1,99
ติ้ม,1,99
ที่พึ่ง,1,99
ประสาท,1,99
พอที่จะ,1,99
ล้าน,1,99
สติ,1,99
สร่าง,1,99
สาป,1,99
สึก,1,99
สึม,1,99
หมั่นโถว,1,99
อตก,1,99
อู้ฟู่,1,99
เก็กฮวย,1,99
เต็มใจ,1,99
เนื้อร้าย,1,99
เบลอ,1,99
เยี่ยงอย่าง,1,99
เ้,1,99
แต,1,99
โม่,1,99
ใกล,1,99
ใบหน้า,1,99
ไถ,1,99
ไส้กิ่ว,1,99
คลอง,1,99
ณฑล,1,99
ถูกที่,1,99
ปั้มน้ำมัน,1,99
พุทธ,1,99
มะยม,1,99
เข้าแถว,1,99
เอส,1,99
7,1,99
ติดไม้ติดมือ,1,99
วงใน,1,99
ว่องไว,1,99
สมู๊ตตี้,1,99
เป็นที่นิยม,1,99
โดยส่วนมาก,1,99
คห,1,99
ดูหรู,1,99
ซีล,1,99
ตาลาย,1,99
นั่ขึ้น,1,99
น๊า,1,99
ปิดปาก,1,99
อี๋,1,99
อูย,1,99
8,1,99
2014,1,99
2100,1,99
Dow,1,99
ML,1,99
Sirirak,1,99
Story,1,99
Yayoi,1,99
ari,1,99
sz,1,99
ซ่อน,1,99
♥️,1,99
✏️,1,99
✔️,1,99
การตกปลา,1,99
ชิ่ง,1,99
ตัวจริง,1,99
ตามคำแนะนำ,1,99
นวมินทร์,1,99
ปาร์ค,1,99
ฝอด,1,99
ฟู๊ดรส,1,99
ยังไหว,1,99
รวบรวม,1,99
สนุ๊ก,1,99
สมาคม,1,99
สรรค์,1,99
สะดุด,1,99
สำราญ,1,99
ส้น,1,99
ห้องพัก,1,99
เกมส์,1,99
เต้าเจี้ยว,1,99
เป็นเพื่อน,1,99
เป็นไป,1,99
เอ็น,1,99
แกน,1,99
ในทันที,1,99
ให้การ,1,99
กาด,1,99
กุน,1,99
คูเมือง,1,99
เชียง,1,99
ใส่ไส้,1,99
ได้ประโยชน์,1,99
ชาวเหนือ,1,99
น้ำยา,1,99
อะคูสติก,1,99
ขี้เมา,1,99
ช้อค,1,99
ตกหลุมรัก,1,99
สตรอว์เบอร์รี่,1,99
อพ,1,99
2900,1,99
กัล,1,99
คำเรียกร้อง,1,99
จ้ม,1,99
ฉลุย,1,99
ฉุด,1,99
ซอมซ่อ,1,99
ตรี,1,99
ตัน,1,99
นอง,1,99
ผัดฉ่า,1,99
ยวด,1,99
รัน,1,99
อำ,1,99
ัง,1,99
เข้าเป้า,1,99
เทศน์,1,99
เนื้อสด,1,99
เพิงหมาแหงน,1,99
เหลว,1,99
เอ้ย,1,99
แวบเดียว,1,99
แฮปปี้,1,99
คล่องคอ,1,99
ดิบดี,1,99
ผักกาด,1,99
วัตถุ,1,99
โอ้โห,1,99
ก็ช่าง,1,99
จิ้มลิ้ม,1,99
ฉะเชิงเทรา,1,99
ตะหาก,1,99
ธร,1,99
ยิ้ม,1,99
ลูกสาว,1,99
หมู่,1,99
เจอะ,1,99
โส,1,99
แบต,1,99
Moussceline,1,99
Twinnings,1,99
fruit,1,99
macaron,1,99
passion,1,99
จักรพงษ์,1,99
ดอกไม้,1,99
หมากรุก,1,99
กลิ่นอับ,1,99
ขี่,1,99
ตะนาว,1,99
ทุกคืน,1,99
ท่อระบายน้ำ,1,99
นัว,1,99
มอเตอร์,1,99
วัยกลางคน,1,99
อับ,1,99
แถน,1,99
โจ,1,99
Blanc,1,99
Farm,1,99
Ispanha,1,99
Kingkong,1,99
Le,1,99
Macaroon,1,99
Mont,1,99
No,1,99
Portico,1,99
Potato,1,99
Raspberry,1,99
Sakura,1,99
Twinings,1,99
Yakiniku,1,99
Yuzu,1,99
farm,1,99
กระปรี้กระเปร่า,1,99
กลมกลืน,1,99
ของดี,1,99
คลายอารมณ์,1,99
จับตา,1,99
ชุ่มชื่น,1,99
ตึ๊บ,1,99
ทำให้เกิด,1,99
น้ำแร่,1,99
ประกบ,1,99
ประจำเมือง,1,99
ประณีต,1,99
ปลื้มใจ,1,99
ปาด,1,99
ปุปะ,1,99
ผลักดัน,1,99
ผ่อน,1,99
ฟิล,1,99
ฟุต,1,99
มโหฬาร,1,99
ระยะหลัง,1,99
ราสเบอร์รี่,1,99
รู้ใจ,1,99
วาไรตี้,1,99
สตรอเบอร์รี่,1,99
สภาพ,1,99
สอด,1,99
หนักหน่วง,1,99
ออกปาก,1,99
อัศจรรย์,1,99
อำพัน,1,99
อิ่มเอม,1,99
เกาลัด,1,99
เข้าด้วยกัน,1,99
เหนื่อยล้า,1,99
แดงเข้ม,1,99
แตร์,1,99
แหลม,1,99
แอพพริคอท,1,99
โอกินาวา,1,99
ใส้,1,99
ความขลัง,1,99
ทดลอง,1,99
โอเลี้ยง,1,99
ไปรษณีย์,1,99
กลิ่นอาย,1,99
ช่างคิด,1,99
ตคอ,1,99
ตั๊กแตน,1,99
บมิ,1,99
ยำสลัด,1,99
รีรอ,1,99
ว้าว,1,99
สมะ,1,99
สะดิ้ง,1,99
หมอน,1,99
เกะ,1,99
เมกะ,1,99
โด้,1,99
โระ,1,99
โว,1,99
ตจ,1,99
ทองพันชั่ง,1,99
นู่,1,99
สก,1,99
อ่างทอง,1,99
เชีบ,1,99
กฤษณา,1,99
ครู่เดียว,1,99
วันดีคืนดี,1,99
สมาส,1,99
กล้อ,1,99
ขาดตอน,1,99
คล่องตัว,1,99
ประกาย,1,99
สนามบิน,1,99
เกวียน,1,99
เฟ้รนฟ,1,99
Lamb,1,99
Satay,1,99
กัว,1,99
กาน,1,99
จี,1,99
จึ,1,99
ช่,1,99
ซวน,1,99
ซาน,1,99
ซู่,1,99
ดึ๋ง,1,99
บลอค,1,99
บัว,1,99
ฟั่น,1,99
รว,1,99
ราก,1,99
วช่วน,1,99
หมา,1,99
หูหนู,1,99
เฉ่า,1,99
เฝิ่น,1,99
เพี้ยน,1,99
เส้นก๋วยเตี๋ยว,1,99
โจว,1,99
โร่,1,99
done,1,99
medium,1,99
rare,1,99
salmon,1,99
sirloin,1,99
well,1,99
ทั้งสอง,1,99
ทึ่,1,99
น้ำตะไคร้,1,99
ฟเฟ่,1,99
รังเกียจ,1,99
วว,1,99
ออร์เดอร์,1,99
เนื่องจากว่า,1,99
แขวนคอ,1,99
แค้น,1,99
ให้โอกาส,1,99
กระจกใส,1,99
คํ่า,1,99
จิ๊บ,1,99
จุดประสงค์,1,99
บ่ายคล้อย,1,99
พร้อมเพรียง,1,99
รับลม,1,99
เชี่ยว,1,99
เตี้ย,1,99
เทศบาลเมือง,1,99
1110,1,99
190,1,99
421,1,99
Brunch,1,99
bluecheese,1,99
brunch,1,99
fillet,1,99
nugget,1,99
potato,1,99
ser,1,99
vinegar,1,99
wedges,1,99
ฉุน,1,99
โย,1,99
่ะ,1,99
ขุน,1,99
อึน,1,99
ตู้เย็น,1,99
มอเตอร์ไซค์,1,99
เละเทะ,1,99
สอน,1,99
Chic,1,99
Republic,1,99
จี้,1,99
สกู๊ป,1,99
สับเปลี่ยน,1,99
อันนั้น,1,99
ฮา,1,99
เปรียว,1,99
เหรียญ,1,99
์เบอร,1,99
al,1,99
dante,1,99
กังวล,1,99
คับแคบ,1,99
ทั้นั้น,1,99
สตีม,1,99
สปาเกตตี,1,99
ห่อเหี่ยว,1,99
เหลือเฟือ,1,99
โหรงเหรง,1,99
rock,1,99
salt,1,99
อันดับ,1,99
⭐⭐⭐⭐,1,99
ที่หก,1,99
เหนือสิ่งอื่นใด,1,99
การอำนวยความสะดวก,1,99
ความมัน,1,99
ณ์,1,99
ทานบน,1,99
บ่าว,1,99
ประทัง,1,99
พระรามเก้า,1,99
ภร,1,99
Cap,1,99
Tamp,1,99
งัั้น,1,99
ซ๊อต,1,99
ดื้อ,1,99
ตั้งแต่แรก,1,99
มีผลต่อ,1,99
สันทัด,1,99
เฉพาะเรื่อง,1,99
เสด,1,99
โถม,1,99
หู,1,99
เบนโตะ,1,99
Japanese,1,99
Service,1,99
Set,1,99
Tekkadon,1,99
Thonglor,1,99
VAT,1,99
lunch,1,99
melt,1,99
mouth,1,99
value,1,99
your,1,99
กวนใจ,1,99
คัม,1,99
จิต,1,99
ซน,1,99
ซึมซับ,1,99
ญาณ,1,99
ญ่ีปุ่น,1,99
ดุ,1,99
น้ำส้มสายชู,1,99
ประทับตรา,1,99
ฝ่ามือ,1,99
ราชิ,1,99
วัย,1,99
วิบัติ,1,99
สาเหตุ,1,99
หงุดหงิด,1,99
อุด้ง,1,99
ิญ,1,99
เน้ือ,1,99
เบิ้ม,1,99
เปียว,1,99
เป็นความลับ,1,99
แป๊บ,1,99
โอว,1,99
ใจจริง,1,99
Crispy,1,99
กระป๋อง,1,99
ความเหมือน,1,99
มเหสักข์,1,99
สาทร,1,99
เปลี่ยนคน,1,99
PIZZA,1,99
SCOOZI,1,99
\\,1,99
^_____^,1,99
ยยยย,1,99
หนักท้อง,1,99
เลืิอก,1,99
แพ็ท,1,99
กราบไหว้,1,99
ถืิอ,1,99
บูชาพระ,1,99
พิธี,1,99
รด,1,99
สักการะบูชา,1,99
ไปกันได้,1,99
ไหว้,1,99
air,1,99
mango,1,99
silom,1,99
ก้างปลา,1,99
คอมเมนท์,1,99
จี๊ด,1,99
บ้านเก่า,1,99
มันฝรั่ง,1,99
รูปถ่าย,1,99
สมัยโบราณ,1,99
หนังไก่,1,99
หวือหวา,1,99
เหี่ยว,1,99
โดยทั่วไป,1,99
ไทยทาน,1,99
ขอบ,1,99
ชิงช้า,1,99
อิสลาม,1,99
69,1,99
89,1,99
99,1,99
กระดอง,1,99
กล้อง,1,99
ขนาบ,1,99
ข้างมาก,1,99
ท้องขึ้น,1,99
นอกทาง,1,99
ปูน,1,99
ป้ายสี,1,99
ฝักยาว,1,99
พาดหัว,1,99
ฟาก,1,99
ฟิล์ม,1,99
ภาพวาด,1,99
มวล,1,99
ยังอีก,1,99
รหัส,1,99
รับสั่ง,1,99
รู้กัน,1,99
ลอฟ์ท,1,99
ละมุนละไม,1,99
ล่าง,1,99
สัมพันธ์,1,99
หน่วยงานราชการ,1,99
หม้อดิน,1,99
อราบิก้า,1,99
เชด,1,99
เซรามิก,1,99
เท่ห์,1,99
เปลืองเงิน,1,99
เปลือย,1,99
เปอร์เซ็นต์,1,99
เพื่อนฝูง,1,99
เรียงตัว,1,99
แซม,1,99
โซเชียล,1,99
โมเดล,1,99
ในที,1,99
ไวไฟ,1,99
^_____^~,1,99
____,1,99
กล,1,99
ก้าว,1,99
จ่ะ,1,99
พล่า,1,99
ร่ำร้อง,1,99
ลวกปาก,1,99
ล่ม,1,99
หรอ,1,99
อืมมม,1,99
อ้อย,1,99
เด็ดดวง,1,99
เเน่,1,99
เเว๊น,1,99
แอ๊พ,1,99
โห๊ะ,1,99
place,1,99
pure,1,99
ทั่ง,1,99
ราชพฤกษ์,1,99
ออร์แกนิค,1,99
โครงการ,1,99
waffles,1,99
นค,1,99
สิงห์,1,99
ฮี้,1,99
แผน,1,99
ปชั่น,1,99
เสียว,1,99
ราชบุรี,1,99
บริหาร,1,99
วิศวกร,1,99
สถาปนิก,1,99
สิงห์บุรี,1,99
อิ่มแปร้,1,99
แกงเลียง,1,99
แมคโคร,1,99
แ่ซ่บ,1,99
โฮ,1,99
115,1,99
กระเป๋าสตางค์,1,99
ดีแทค,1,99
นึกดู,1,99
พารากอน,1,99
ลำเอียง,1,99
เซ่น,1,99
เบ็ดเสร็จ,1,99
เวน,1,99
เหลือบเห็น,1,99
แต่บางที,1,99
แสดงความคิดเห็น,1,99
ใบเสร็จ,1,99
ไซต์,1,99
Lover,1,99
กฏ,1,99
คลั่ง,1,99
ืี่,1,99
เคร่งครัด,1,99
เอิ่บ,1,99
ของตลาด,1,99
ขายหน้า,1,99
เครื่องใน,1,99
CTW,1,99
T-T,1,99
กางเกงขายาว,1,99
ขึ้นหน้า,1,99
คลิป,1,99
งด,1,99
จุดยืน,1,99
ที่รวม,1,99
ที้,1,99
น้พ,1,99
ปุ่ม,1,99
พรีเมี่ยม,1,99
พร้อมหน้า,1,99
พอน,1,99
ภู่,1,99
มีเสียง,1,99
ระบาย,1,99
ล่น,1,99
สระ,1,99
สึ,1,99
สไลซ์,1,99
หย่อย,1,99
อุ๊ย,1,99
เขิน,1,99
เครื่องร้อน,1,99
เช็ด,1,99
เม้า,1,99
เย็นชืด,1,99
เย็นเจี๊ยบ,1,99
เรนโบว์,1,99
เล่นพวก,1,99
เอียน,1,99
แตกกัน,1,99
แน่ะ,1,99
แพลตตินั่ม,1,99
ใต้โต๊ะ,1,99
Complex,1,99
ข้าวของ,1,99
ซึ้ง,1,99
นัทค,1,99
บุก,1,99
รสนิยม,1,99
รัม,1,99
วย,1,99
เฉา,1,99
เบิล,1,99
ซ่ึง,1,99
น่ัง,1,99
น่ัน,1,99
ป้ายบอกทาง,1,99
สงฆ์,1,99
เนม,1,99
เปล่ียน,1,99
23,1,99
คึกคัก,1,99
ซอก,1,99
ถ่ายเท,1,99
ธรรม,1,99
ฟัน,1,99
รต,1,99
วชิร,1,99
วัยทำงาน,1,99
สาธิต,1,99
เฉพาะตัว,1,99
เป็นอย่างมาก,1,99
Terminal,1,99
ตรา,1,99
ทะแม่ง,1,99
ท่,1,99
นักเรียน,1,99
สอย,1,99
เตะตา,1,99
เป็นหมัน,1,99
เศร้า,1,99
125,1,99
ยุง,1,99
วิญญาณ,1,99
อง,1,99
เกีย,1,99
เต้าฮวย,1,99
เกื้อ,1,99
บ้านนอก,1,99
Chubcheeva,1,99
lris,1,99
AB,1,99
Floor,1,99
Kitchen,1,99
Third,1,99
กรุ๊ป,1,99
การเผาผลาญ,1,99
กุ้ย,1,99
ข้าวยำ,1,99
ช่าย,1,99
ซัน,1,99
ต่ำ,1,99
บก,1,99
ปั้นสิบ,1,99
พฤหัส,1,99
พลาซ่าแอทธินี,1,99
สมควร,1,99
หอมมะลิ,1,99
โปรตีน,1,99
ไก่งวง,1,99
ดอกบัว,1,99
รม,1,99
เห,1,99
เอน,1,99
ก๊,1,99
งม,1,99
ซ้อม,1,99
นบ,1,99
บลว์,1,99
ปลั๊ก,1,99
ยั้น,1,99
ยาดา,1,99
องค์ประกอบ,1,99
เครื่องใช้ไฟฟ้า,1,99
แกรมมี่,1,99
แต่เช้า,1,99
แพ,1,99
TT,1,99
wi-fi,1,99
กวางตุ้ง,1,99
ขมิ้น,1,99
ข้าวราดแกง,1,99
พื้นเมือง,1,99
มล,1,99
เหมือนว่า,1,99
โรตีสายไหม,1,99
ก๊วย,1,99
ถูกหลักอนามัย,1,99
ท้าย,1,99
บำรุง,1,99
ฟอ,1,99
รถกระบะ,1,99
เจ้าเก่า,1,99
แป๊ป,1,99
แป๊ะ,1,99
ขจร,1,99
ด๊อกเตอร์,1,99
ผักหวาน,1,99
พื้นบ้าน,1,99
อนุบาล,1,99
โก๊ะ,1,99
Starbuck,1,99
ล้าย,1,99
คลิก,1,99
พริกหยวก,1,99
ร์คช๊อป,1,99
สะบัดช่อ,1,99
หนืด,1,99
เทศ,1,99
เบื่ออาหาร,1,99
เยี่ยมยอด,1,99
2548,1,99
Follow,1,99
Instagram,1,99
ioonbubbletea,1,99
us,1,99
ไออุ่น,1,99
Hong,1,99
King,1,99
Kong,1,99
Saap,1,99
Sukishi,1,99
Wawa,1,99
เชื่อมือ,1,99
เผือก,1,99
เลวร้าย,1,99
โดยที่,1,99
SakeTaste,1,99
community,1,99
creative,1,99
fast,1,99
food,1,99
location,1,99
logistics,1,99
price,1,99
retro,1,99
self-service,1,99
up,1,99
กำกับ,1,99
กึ่ง,1,99
ขาออก,1,99
ความสด,1,99
ชั้นนำ,1,99
ทรัพยากรบุคคล,1,99
ทุนเดิม,1,99
นิคมอุตสาหกรรม,1,99
นึกไม่ออก,1,99
น้ำเต้าหู้,1,99
บางปะกง,1,99
บ่อวิน,1,99
ปลวก,1,99
พฤติกรรมผู้บริโภค,1,99
มัลลิกา,1,99
ยิง,1,99
รอเวลา,1,99
ริ์น,1,99
อบรม,1,99
อีส,1,99
เข้าโรง,1,99
เข้าใจง่าย,1,99
แคชเชียร์,1,99
โครงกระดูก,1,99
โรงเตี๊ยม,1,99
ใจเสาะ,1,99
Bangkapi,1,99
Fl,1,99
Swensens,1,99
ต๊ะ,1,99
ทำผิด,1,99
บง,1,99
วังทองหลาง,1,99
สงสาร,1,99
อนาถใจ,1,99
แง้,1,99
โตเกียว,1,99
ขนมจาก,1,99
ซ้่าย,1,99
ทางทิศใต้,1,99
บอกทาง,1,99
ปุ้ม,1,99
ยึด,1,99
วิทยาลัย,1,99
หลวง,1,99
อีซูซุ,1,99
เกษตร,1,99
เครื่องใหญ่,1,99
เทคนิค,1,99
เสื้อ,1,99
ใจคอ,1,99
ยรร,1,99
สุขภาพจิต,1,99
เปิดไฟ,1,99
เวญ,1,99
โดยสรุป,1,99
กระมัง,1,99
กัร,1,99
กิโลเมตร,1,99
ขี้เกรงใจ,1,99
ข้าราชการ,1,99
ค่ย,1,99
จี๋,1,99
ฉุย,1,99
ดัก,1,99
ดังที่,1,99
ตราด,1,99
ตลาดสด,1,99
ตากแดด,1,99
ตุ,1,99
ถุงพลาสติก,1,99
ที่ว่าการอำเภอ,1,99
บรรจง,1,99
ประหลาด,1,99
ฝ๊่น,1,99
ยกนิ้ว,1,99
รวย,1,99
รอบคอบ,1,99
รับรู้,1,99
สำนึก,1,99
หลา,1,99
หัวหน้า,1,99
หัวหน้างาน,1,99
เข้าที่,1,99
เทพารักษ์,1,99
เบนซ์,1,99
เอแบค,1,99
เฮ้อ,1,99
แฟรนไชส์,1,99
แอนตี้,1,99
ใช้แล้ว,1,99
ไลค์,1,99
900,1,99
153,1,99
1730,1,99
ง่ะ,1,99
ชวา,1,99
บ่ายโมง,1,99
ปร,1,99
ฟิ้ววว,1,99
มี่,1,99
สา,1,99
เข้างาน,1,99
เด้อ,1,99
แค๊ป,1,99
กรุง,1,99
ปาย,1,99
เซร็ง,1,99
โค่ย,1,99
ขาวสะอาด,1,99
พาสเทล,1,99
Oriental,1,99
Princess,1,99
นัน,1,99
รายรอบ,1,99
หน่ำ,1,99
เช้านี้,1,99
โดยบังเอิญ,1,99
ไม้ดอก,1,99
ไม้ประดับ,1,99
คละ,1,99
ญี่,1,99
ทุกชนิด,1,99
นอบ,1,99
ปูทะเล,1,99
ปุ่น,1,99
รายการอาหาร,1,99
หมูกรอบ,1,99
หมูหัน,1,99
หอยนางรม,1,99
ห่า,1,99
อยู่,1,99
ฮกเกี้ยน,1,99
เปื่อย,1,99
แปะก๊วย,1,99
ไอโฟน,1,99
ง่า,1,99
นร,1,99
พาราไดซ์,1,99
พาร์ค,1,99
สดี,1,99
319,1,99
349,1,99
Buffet,1,99
ขัน,1,99
ชืด,1,99
ช่างมันเถอะ,1,99
ตามระเบียบ,1,99
ถูกปรับ,1,99
ถูไถ,1,99
นำจับ,1,99
น่าอร่อย,1,99
ปลอม,1,99
ปาร,1,99
พรืด,1,99
พูดเล่น,1,99
มิเช่นนั้น,1,99
ระเบียบการ,1,99
วันทำการ,1,99
วางแผน,1,99
ส่งความสุข,1,99
หมี่หยก,1,99
หมูแดง,1,99
หม้อน้ำ,1,99
หาว่า,1,99
อันเป็น,1,99
ฮะ,1,99
เดือด,1,99
เด็กน้อย,1,99
โฉ่,1,99
การซ่อมแซม,1,99
ซ่อมแซม,1,99
เหนียวแน่น,1,99
blueberry,1,99
coconut,1,99
crepe,1,99
mousse,1,99
strawberry,1,99
ความตื่นตัว,1,99
คุ้กกี้,1,99
ชัญ,1,99
ยามเช้า,1,99
อัญ,1,99
เตย,1,99
เปลญวน,1,99
เอนตัว,1,99
แฟก็หอม,1,99
Dice,1,99
Star,1,99
ก่วย,1,99
หาอาหาร,1,99
เตี่ยว,1,99
ต้า,1,99
บรรเลง,1,99
สมู้ทตี้,1,99
เป็นทางการ,1,99
Cuisine,1,99
Twins,1,99
cosy,1,99
นึ้,1,99
สถานีวิทยุ,1,99
สุดถนน,1,99
เจา,1,99
เอสเปรสโซ่,1,99
แระ,1,99
ขายขนมปัง,1,99
ยาคู,1,99
องค์,1,99
เครื่องเขียน,1,99
เลี้ยยว,1,99
เห้นคน,1,99
์ว,1,99
การปรับปรุง,1,99
ขุนน้ำขุนนาง,1,99
ความนิยมชมชอบ,1,99
ความเป็นมา,1,99
ถ่ายทอด,1,99
ธรรมการ,1,99
ธรรมเนียม,1,99
ประวัติศาสตร์,1,99
พริกขิง,1,99
ฟเฟิ้ล,1,99
มัสมั่น,1,99
ยุค,1,99
ราน,1,99
ลิง,1,99
วัฒน,1,99
หลายปีดีดัก,1,99
อวน,1,99
เข้าชม,1,99
เต็มอิ่ม,1,99
เปี่ยม,1,99
เพลา,1,99
เรือนรับรอง,1,99
เสื่อมคลาย,1,99
แคม,1,99
แดด,1,99
แดน,1,99
แผ่ขยาย,1,99
แผ่นดิน,1,99
ไกลโพ้น,1,99
ไม่เพียงแต่,1,99
ทีรามิสุ,1,99
บูลเบอ,1,99
มัฟฟิ่น,1,99
ขวามือ,1,99
ขี้เล่น,1,99
เจ้าที่,1,99
23919784,1,99
23919785,1,99
36399270,1,99
36399271,1,99
36399272,1,99
36399273,1,99
36399274,1,99
10110,1,99
ทำการ,1,99
ร่วมงาน,1,99
วัฒนา,1,99
เพจ,1,99
เหนือ,1,99
แอดมิน,1,99
โขนง,1,99
Gusto,1,99
กระแส,1,99
homemade,1,99
Jet,1,99
คำหยาบ,1,99
ทางผ่าน,1,99
ปักษ์ใต้,1,99
ผูก,1,99
วัยหนุ่มสาว,1,99
หน้าแหก,1,99
หุ้น,1,99
เกื้อหนุน,1,99
เติมน้ำมัน,1,99
ไตร,1,99
้ป็น,1,99
์ท,1,99
๒๐๐,1,99
๘๐,1,99
กรด,1,99
กระชุ่มกระชวย,1,99
กระตุ้น,1,99
กระเพาะปัสสาวะ,1,99
ความอยาก,1,99
จินต,1,99
ตอ,1,99
ปัสสาวะ,1,99
ปิ,1,99
ผิวหนัง,1,99
ผู้ป่วย,1,99
ผ่าตัด,1,99
พักฟื้น,1,99
ฟอสฟอรัส,1,99
ภาวะ,1,99
มีประโยชน์,1,99
ยูริค,1,99
รอย,1,99
รูปทรง,1,99
สารอาหาร,1,99
หรา,1,99
อ่อนเพลีย,1,99
เกาต์,1,99
เจริญอาหาร,1,99
เป็นกรด,1,99
เป็นสาเหตุ,1,99
เหล็ก,1,99
เอ็นไซม์,1,99
แคลเซียม,1,99
โคล่า,1,99
โปแตสเซียม,1,99
ไขข้อ,1,99
270,1,99
ชื่นชอบ,1,99
พริบตา,1,99
ยอดนิยม,1,99
เสียแต่,1,99
สถานที่จอดรถ,1,99
สรุก,1,99
ึะ,1,99
เแา,1,99
28,1,99
Bread,1,99
Hut,1,99
Kaya,1,99
Pizza,1,99
Talk,1,99
Teh,1,99
box,1,99
central,1,99
กลืน,1,99
คอมเมนต์,1,99
ติดคอ,1,99
ปี๊,1,99
ร่าง,1,99
หลืบ,1,99
อัพเกรด,1,99
อั๊ว,1,99
เจ๊ก,1,99
เต๊ะ,1,99
เท่าตัว,1,99
ใม่,1,99
งวง,1,99
จิก,1,99
ตตต,1,99
ตื่นเต้น,1,99
ประยุกต์,1,99
ปะทะคารม,1,99
ม๊วงงง,1,99
โรคกลัวน้ำ,1,99
หมดตัว,1,99
เปิดเทอม,1,99
โดยไม่รู้ตัว,1,99
ให้ราคา,1,99
นมข้น,1,99
มหิดล,1,99
เหม็นคาว,1,99
ซิตี้,1,99
ดีเยี่ยม,1,99
ยินดี,1,99
สัดส่วน,1,99
อเมริกัน,1,99
เสี้ยว,1,99
me,1,99
swensen,1,99
จ์,1,99
ฟคอฟ,1,99
ฟัด,1,99
รองรับ,1,99
เชอรี่,1,99
โวยวาย,1,99
ไฮ,1,99
บี๋,1,99
ยกแก้ว,1,99
ร้องเพลง,1,99
ลฟ,1,99
ฮัม,1,99
เซอร์วิส,1,99
กะเพรา,1,99
164,1,99
nice,1,99
yes,1,99
คี,1,99
บั้ก,1,99
ราม,1,99
เพลส,1,99
เฟค,1,99
ทดแทน,1,99
พ่อค้า,1,99
สตางค์,1,99
ออกแรง,1,99
แคบ,1,99
ไมา่,1,99
shot,1,99
tiramisu,1,99
สวยหรู,1,99
อย่างไรก็ตาม,1,99
แมลงวัน,1,99
จ๊วฟ,1,99
บูด,1,99
ปวดหัว,1,99
รู้ตัว,1,99
วี่,1,99
กลอย,1,99
ทางใต้,1,99
ปละ,1,99
โคก,1,99
Err:510,1,99
watson,1,99
งเ,1,99
ชื้น,1,99
ประเดี๋ยวประด๋าว,1,99
พักเหนื่อย,1,99
เฟรช,1,99
เเถว,1,99
เเบบสมูทตี้,1,99
java,1,99
พบปะ,1,99
ยั่วยวน,1,99
ตำหรับ,1,99
240,1,99
533,1,99
Amari,1,99
Banana,1,99
Blueberry,1,99
Fettuccine,1,99
KTC,1,99
Rasberry,1,99
Residence,1,99
Smoke,1,99
Smoothie,1,99
Straberry,1,99
Yogurt,1,99
custard,1,99
งวด,1,99
ชักสีหน้า,1,99
ป็น,1,99
เมาท์,1,99
็ม,1,99
OISHI,1,99
คัฟ,1,99
ค็อตต้า,1,99
จีบ,1,99
ช์,1,99
ตามอัธยาศัย,1,99
บาบี,1,99
ฟท์,1,99
มังกร,1,99
เล็๋ก,1,99
โสะ,1,99
น่ำ,1,99
Court,1,99
Food,1,99
Oasis,1,99
True,1,99
upsize,1,99
ฟิต,1,99
ภาพรวม,1,99
ยิ้มแย้มแจ่มใส,1,99
สม่ำเสมอ,1,99
ออฟ,1,99
__,1,99
กรณี,1,99
ขนมครก,1,99
ข้าวหมูกรอบ,1,99
ติดจะ,1,99
ทึม,1,99
ผิดพลาด,1,99
พอดู,1,99
รสเด็ด,1,99
ส่งท้าย,1,99
ส์คง,1,99
หุหุ,1,99
อ๊ะ,1,99
เตียกุ่ยฮวด,1,99
ถั่วพู,1,99
อ่อม,1,99
ขอตัว,1,99
เสียอารมณ์,1,99
แก้ขัด,1,99
กร,1,99
กรู,1,99
มีหน้า,1,99
วิวัฒนาการ,1,99
130,1,99
ความวุ่นวาย,1,99
ชุ,1,99
ญเนียส,1,99
ท้องถนน,1,99
ปาล์ม,1,99
พลัด,1,99
หรืจะ,1,99
เคียง,1,99
1800,1,99
2030,1,99
2230,1,99
55555,1,99
Angus,1,99
Bangkok,1,99
Bone-in,1,99
Fried,1,99
Grain,1,99
Grilled,1,99
Lime,1,99
Mixed,1,99
Nua,1,99
Panang,1,99
Pla,1,99
Pomelo,1,99
Sunset,1,99
Tiger,1,99
Tom,1,99
appetisers,1,99
beef,1,99
crispy,1,99
cruise,1,99
curry,1,99
dinner,1,99
dress,1,99
fed,1,99
fries,1,99
fusion,1,99
garlic,1,99
goong,1,99
lime,1,99
main,1,99
makua,1,99
namtok,1,99
night,1,99
noodles,1,99
organic,1,99
private,1,99
pudding,1,99
rib,1,99
sea,1,99
slow-cooked,1,99
sorbet,1,99
spring,1,99
vegetable,1,99
yum,1,99
กรกฎาคม,1,99
การบูร,1,99
การพา,1,99
คนต่างชาติ,1,99
ค่าเสียหาย,1,99
ชื่นชม,1,99
ซังฮี้,1,99
ตลอดทาง,1,99
ต่างชาติ,1,99
ทางเรือ,1,99
นข้ม,1,99
นั่ั่ง,1,99
บล๊อค,1,99
ผ้าเย็น,1,99
ฝาครอบ,1,99
พวงมาลัย,1,99
ฟิ,1,99
มมม,1,99
มีชื่อเสียง,1,99
มีด,1,99
ร่วมโต๊ะ,1,99
ล่วงเลย,1,99
ศิริราช,1,99
สลับ,1,99
สาก,1,99
ออกเรือ,1,99
ืิอ,1,99
เจ้าพระยา,1,99
เปี๊ยะ,1,99
เป๊าะ,1,99
เพื่อนสนิท,1,99
เหม็นเขียว,1,99
โสด,1,99
การทำงาน,1,99
ขายบริการ,1,99
ทำงานต่อ,1,99
สุภ,1,99
ปับ,1,99
ปุบ,1,99
ป่ั,1,99
230,1,99
ก้สด,1,99
ขั้นบันได,1,99
งค็อก,1,99
ตั่ง,1,99
ถือโอกาส,1,99
ท่าจะ,1,99
พอง,1,99
ระอุ,1,99
สุดท้ายนี้,1,99
หาร,1,99
อะโวคาโด,1,99
เอาการ,1,99
แบบบาง,1,99
โขง,1,99
way,1,99
จันทบุรี,1,99
จันท์,1,99
จุ๊ย,1,99
ดีใจ,1,99
ต่อเติม,1,99
บล็อค,1,99
บายศรี,1,99
ประทับ,1,99
พรุ่งนี้,1,99
สมดุล,1,99
เซนส์,1,99
เอือมระอา,1,99
175,1,99
คีบ,1,99
สูงโปร่ง,1,99
เซ็ป,1,99
แปลกที่,1,99
โม,1,99
กระแทก,1,99
ช้ัน,1,99
ทบ,1,99
กลางค่ำ,1,99
ขรึม,1,99
นอกบ้าน,1,99
มลังเมลือง,1,99
อาหารหนัก,1,99
เป็นได้,1,99
sf,1,99
จืดชืด,1,99
บู๊ท,1,99
วาน,1,99
ออนซ์,1,99
เพลีย,1,99
Blended,1,99
Caramel,1,99
การปรับพื้น,1,99
น้ำดี,1,99
มุ,1,99
รถเมล์,1,99
รับแขก,1,99
ศค,1,99
อารมณ์ดี,1,99
เป็นสัดเป็นส่วน,1,99
เมล์,1,99
479,1,99
ตามนั้น,1,99
สเปเชี่ยล,1,99
เข็น,1,99
แมงกะพรุน,1,99
ชยา,1,99
ทิพย์,1,99
ลิต,1,99
ศิลปากร,1,99
หอพัก,1,99
เติ้ล,1,99
ไพ,1,99
ทอดมัน,1,99
หัวปลี,1,99
เห้ย,1,99
44,1,99
18,1,99
297,1,99
house,1,99
smoke,1,99
กรีน,1,99
กินขาด,1,99
ชีวิต,1,99
ที่กล่าวมา,1,99
ที่เที่ยว,1,99
ฝันหวาน,1,99
ืี่อย,1,99
ghost,1,99
กำ,1,99
ขัับ,1,99
ตู,1,99
นก,1,99
พักใหญ่,1,99
มัย,1,99
สุนัข,1,99
หมูน้ำ,1,99
เกลื่อน,1,99
เปรี้ยวจี๊ด,1,99
เฟ้ย,1,99
เฮ้ย,1,99
แคป,1,99
330,1,99
กลายเป็น,1,99
ความแรง,1,99
ซไลด์,1,99
ดับกลิ่น,1,99
ตัดกำลัง,1,99
ติดตัว,1,99
ถัดไป,1,99
ท่อ,1,99
พูน,1,99
รัง,1,99
ราเมน,1,99
ลูกอม,1,99
อ่าง,1,99
เบุฟ,1,99
เลี้ยน,1,99
เอะอะ,1,99
์ย,1,99
34,1,99
Bakery,1,99
Hot,1,99
Restaurant,1,99
Yummy,1,99
น้อยลง,1,99
พันธ์,1,99
อมร,1,99
การสกัด,1,99
การอนุรักษ์,1,99
ขั้นตอน,1,99
ความหมาย,1,99
คอนเซปต์,1,99
คัดสรร,1,99
จนได้,1,99
ต้นน้ำ,1,99
ถาง,1,99
พิถีพิถัน,1,99
พืช,1,99
มีชีวิต,1,99
อีกต่อไป,1,99
เชี่ยวชาญ,1,99
ขึ้นฉ่าย,1,99
คนรู้จัก,1,99
ความประสงค์,1,99
จ๊อม,1,99
ธัญพืช,1,99
ยกตัวอย่างเช่น,1,99
ร์คช้อบ,1,99
ล่อน,1,99
เพ้นท์,1,99
โจ้,1,99
โอกะ,1,99
กระดาษแข็ง,1,99
ขิ้น,1,99
งับ,1,99
ชั้นนอก,1,99
ช่่าง,1,99
ตบะแตก,1,99
บ้าเห่อ,1,99
มาน,1,99
มาย,1,99
ละเลียด,1,99
หมดอายุ,1,99
เคลีย,1,99
เจลาติน,1,99
เบอร,1,99
ใช้เวลานาน,1,99
์คช๊อก,1,99
ดดดดด,1,99
ทำทาน,1,99
ทำเอา,1,99
ใบไม้,1,99
Airport,1,99
Herma,1,99
airport,1,99
fat,1,99
trans,1,99
คำกล่าว,1,99
จับใจ,1,99
ถามหา,1,99
ภัย,1,99
ลาดกระบัง,1,99
สัญจร,1,99
ห่วง,1,99
โผล่,1,99
ในนาม,1,99
2130,1,99
930,1,99
Pupe,1,99
ดีเจ,1,99
วนิดา,1,99
แคร์,1,99
love,1,99
เห้ยยย,1,99
ช้อป,1,99
ล้ะ,1,99
อนู่,1,99
1130,1,99
159,1,99
Ebi,1,99
Sushi,1,99
california,1,99
tempura,1,99
voucher,1,99
คนดัง,1,99
ช่วยชีวิต,1,99
นิเวศน์,1,99
น้ี,1,99
รัชดา,1,99
ลดเหลือ,1,99
ล้ำลึก,1,99
เกลียด,1,99
เกิ๊น,1,99
รค,1,99
รัชโยธิน,1,99
อลล์,1,99
อี้,1,99
เฟื่อง,1,99
เมย์,1,99
เฮเลน,1,99
แฉ,1,99
แหลก,1,99
ไม้อัด,1,99
บาดคอ,1,99
ฝ้าย,1,99
มหาราช,1,99
เลก,1,99
shop,1,99
ทัศนศึกษา,1,99
น้ำสะอาด,1,99
ผักกาดดอง,1,99
ฝาน,1,99
ยอดเยี่ยม,1,99
รับรางวัล,1,99
หน้าหนึ่ง,1,99
เซียว,1,99
เรียว,1,99
barbe,1,99
lao,1,99
papa,1,99
กระปุก,1,99
การตาม,1,99
น้ำตาลก้อน,1,99
บาร์บี้,1,99
สายไหม,1,99
แพคเกจ,1,99
จู่,1,99
พีค,1,99
เข้าออก,1,99
โก๋,1,99
dark,1,99
roast,1,99
การต้ม,1,99
จำนวนมาก,1,99
ด้วยมือ,1,99
ทางขึ้น,1,99
ฝห้,1,99
ฟอน,1,99
ยาย,1,99
ฮ่วย,1,99
เดิ้น,1,99
เต็น,1,99
แฟก็ชง,1,99
แฟก็บด,1,99
Eatery,1,99
ความบังเอิญ,1,99
จิงจัง,1,99
ลาซานญ่า,1,99
สตูดิโอ,1,99
หน้าจอ,1,99
เมลเบิร์น,1,99
เวิร์คช็อป,1,99
cats,1,99
no,1,99
คึก,1,99
ค่าตัว,1,99
หาง,1,99
อุ้ม,1,99
เข้าขั้น,1,99
เป็นเบือ,1,99
เอาเรื่อง,1,99
つω,1,99
ขายต่อ,1,99
ซ่ง,1,99
ตาโต,1,99
ปั๊มน้ำมัน,1,99
ค๊าาาาาา,1,99
นั่้ง,1,99
รย,1,99
ลางเนื้อชอบลางยา,1,99
อย่างว่า,1,99
81,1,99
2330,1,99
6878,1,99
ขสมก,1,99
ฉวัดเฉวียน,1,99
ถ่ายภาพ,1,99
บรรจบ,1,99
ปลอดภัย,1,99
ปาน,1,99
ผังเมือง,1,99
รอดตาย,1,99
รัชดาภิเษก,1,99
วันเวย์,1,99
วัสดุก่อสร้าง,1,99
อสมท,1,99
เดินรถ,1,99
เรียกชื่อ,1,99
เหม่งจ๋าย,1,99
“รถ,1,99
basic,1,99
วันทำงาน,1,99
ของเค็ม,1,99
ช่ำ,1,99
ท้องว่าง,1,99
นุง,1,99
หรือปล่าว,1,99
เอิ๊ก,1,99
แสบท้อง,1,99
sometime,1,99
คำนึง,1,99
ซัม,1,99
ธีม,1,99
ปรีดีพนมยงค์,1,99
ปัจจุบันทันด่วน,1,99
ปีก่อน,1,99
มินิ,1,99
สัญลักษณ์,1,99
เม้าท์,1,99
ไทม์,1,99
Ideo,1,99
UOB,1,99
Verve,1,99
คนใต้,1,99
ซีรีส์,1,99
ทุกครั้งที่,1,99
ท้อ,1,99
นท,1,99
ปิ้ล,1,99
ฝูง,1,99
ฟา,1,99
มะกะโรนี,1,99
รง,1,99
วสท์,1,99
วิลิศมาหรา,1,99
วิเศษ,1,99
เมื่อนานมาแล้ว,1,99
เฮือก,1,99
แครอต,1,99
แทรกซึม,1,99
แน่ชัด,1,99
แน่นขนัด,1,99
์ฟู๊ด,1,99
boncaf,1,99
กังหันลม,1,99
ปิโตรนาส,1,99
พีช,1,99
สําคัญ,1,99
หัวใจ,1,99
เหนื่อยอ่อน,1,99
eggs,1,99
poached,1,99
กระดาน,1,99
กระถาง,1,99
ชาวไทย,1,99
บี,1,99
พริ้ว,1,99
เบค,1,99
แม่น,1,99
ไข่ขาว,1,99
ไข่น้ำ,1,99
จุดนัดพบ,1,99
ตราประทับ,1,99
ติดต่อ,1,99
สองชั้น,1,99
หัวมุมถนน,1,99
แตา,1,99
แสดงออก,1,99
235,1,99
Fresh,1,99
Mart,1,99
TPBS,1,99
คอมเพล็กซ์,1,99
ค๊า,1,99
ทางเท้า,1,99
หมู่เฮา,1,99
อีหลี,1,99
เฮา,1,99
บแรง,1,99
สวนทาง,1,99
อัต,1,99
คณะ,1,99
สุขใจ,1,99
ห้องเรียน,1,99
ออม,1,99
Amatissimo,1,99
Au,1,99
Bon,1,99
Pain,1,99
design,1,99
ซีคอน,1,99
เบ้อเริ่ม,1,99
Err:520,,99
